Phản hồi,Lecturer_Sentiment,Training_Sentiment,Facility_Sentiment,Others_Sentiment
giáo trình chưa cụ thể .,,,,
giảng buồn ngủ .,Tiêu cực 😠,,,
"giáo viên vui tính , tận tâm .",Tích cực 😄,,,
"giảng viên nên giao bài tập nhiều hơn , chia nhóm để làm bài tập , giảng kỹ những vấn đề trọng tâm của môn học , đưa ra phương pháp để học hiệu quả hơn .",Tiêu cực 😠,,,
"giảng viên cần giảng bài chi tiết hơn , đi sâu hơn code và chạy thử chương trình có trong bài giảng nếu được .",Tiêu cực 😠,,,
nên có giảng viên nước ngoài dạy để sinh viên có cơ hội thực hành giao tiếp .,Tiêu cực 😠,,,
nên có bài tập lớn đồ án môn học .,,Tiêu cực 😠,,
"giảng viên đảm bảo nội dung học , phân tích giải nhiều bài tập .",Tích cực 😄,,,
"nêu rõ mục tiêu , mục đích môn học để sinh viên tiếp thu dễ dàng .",Tích cực 😄,,,
có một số vấn đề nói chưa rõ .,,,,
"giáo viên tận tình , chuẩn bị bài học chu đáo .",Tích cực 😄,,,
giảng viên dạy hay và tâm huyết .,Tích cực 😄,,,
"cách tính học phí đối với môn thực hành không được rõ ràng và minh bạch , trong khi học thực hành sinh viên hầu như không sử dụng máy tính của trường và kiến thức học được từ giảng viên là rất ít so với học lý thuyết .",Tiêu cực 😠,,,
nói chuyện dễ nghe .,Tích cực 😄,,,
"hiểu được mục tiêu của môn học , thầy nhiệt tình giúp đỡ sinh viên .",Tích cực 😄,,,
"cô dạy khó hiểu , phải về nhà học thêm nhiều mới hiểu những gì cần thiết cho môn học .",Tiêu cực 😠,,,
"truyền đạt tốt , bám sát đề thi , bài giảng cung cấp đầy đủ .",Tích cực 😄,,,
thầy cô dạy rất nhiệt tình !,Tích cực 😄,,,
em không có bất cứ một lời phê bình nào .,,,,
"nội dung học quá trừu tượng , thực hành chưa thực sự mang lại hiệu quả , đa phần sinh viên thực hành theo bài tập được giao , thực hành xong không biết mình đang làm gì , không thấy được ý nghĩa thực tiễn của môn học .",,Tiêu cực 😠,,
cô nên thêm phần điểm đi học thực hành .,Tiêu cực 😠,,,
cách nói chuyện với sinh viên gây mất cảm tình của sinh viên đối với giảng viên .,Tiêu cực 😠,,,
"đồng thời , bài giảng , theo em nhìn nhận , thực sự rất chi tiết .",,,,
truyền đạt kiến thức .,Tích cực 😄,,,
rất ấn tượng với những bài tập thở giúp cho não bộ được nghĩ ngơi của cô .,Tích cực 😄,,,
"thầy rất nhiệt tình , giảng bài rất hay và dễ hiểu .",Tích cực 😄,,,
"nhưng em không mấy hài lòng về cách giải quyết vấn đề của giảng viên khi giảng viên đã đi trễ như vậy , thầy trực phòng thực hành lên tiếng bảo em ( và một số bạn khác ) ra về .",Tiêu cực 😠,,,
đôi khi giảng dạy quá nhiệt tình mà quên mất cả thời gian ( hết giờ học giảng viên vẫn dạy thêm 10 - 15 phút ) .,Tiêu cực 😠,,,
ôn tập kỹ trước khi thi hoặc trong lúc giảng dạy cập nhật đến những vấn đề có thể cho ra trong bài thi .,Tiêu cực 😠,,,
"sự nhiệt tình , vui tính của giảng viên .",Tích cực 😄,,,
"thầy cho tự tìm hiểu , và tự tìm hiểu khác với hiểu được vấn đề .",Tích cực 😄,,,
"cô dạy đều , bao giờ cũng đến sớm và đúng giờ .",Tích cực 😄,,,
"thầy dạy hay và có tâm , mặc dù môn học lịch sử khá khô khan nhưng chúng em hiểu được rất nhiều bài học qua bài giảng của thầy .",Tích cực 😄,,,
mong thầy dạy tận tâm hơn !,Tiêu cực 😠,,,
thầy chưa có sự hướng dẫn cụ thể .,Tiêu cực 😠,,,
không đi đúng giờ .,Tiêu cực 😠,,,
môn này khó .,,Tiêu cực 😠,,
tạm được .,,,,
rât tốt .,,,,
"khi ra đề thi thầy nên kiểm tra kỹ nội dung đề , tránh để sót lỗi điển hình như doubledot tên cột của bảng trùng từ khóa của oracle .",Tiêu cực 😠,,,
giảng viên chưa cho sinh viên bài tập về nhà .,Tiêu cực 😠,,,
giảng viên chỉ lên lớp còn lại không hướng dẫn nội dung thực hành cho sinh viên .,Tiêu cực 😠,,,
thầy giảng bài dễ hiểu .,Tích cực 😄,,,
giảng bài nghe rất dễ hiểu vui tính .,Tích cực 😄,,,
giảng viên thực hành chỉ gặp sinh viên rất ít .,Tiêu cực 😠,,,
còn đi trễ .,Tiêu cực 😠,,,
"thầy dạy hay , demo code trực tiếp cho sinh viên dễ hiểu .",Tích cực 😄,,,
giáo trình nên có sự trình bày cụ thể hơn .,,Tiêu cực 😠,,
"thầy vui tính , chuyên môn vững .",Tích cực 😄,,,
"dạy đúng đề cương , ôn tập sát với đề thi .",Tích cực 😄,,,
"cô dạy bài tập rất tận tình , dễ hiểu .",Tích cực 😄,,,
cô rất nghiêm .,Tích cực 😄,,,
"đề cập về tính thực tế , liên quan của hệ thống kiến thức .",,Tích cực 😄,,
"mỗi khi cần giảng giải bài tập , kiến thức , vấn đề gì mà sử dụng đến mạng wifi thì rất tệ làm tốn thời gian của thầy và sinh viên .",Tiêu cực 😠,,,
"thầy rất nhiệt tình , sẵn sàng trả lời câu hỏi sinh viên .",Tích cực 😄,,,
nhà trường nên cập nhật visual studio lên phiên bản mới nhất để tụi em thực hành tốt hơn .,,Tiêu cực 😠,Tiêu cực 😠,
em hy vọng nhà trường cải thiện lại các máy trong phòng thực hành để tương ứng với số tiền đối với số chỉ thực hành .,,,Tiêu cực 😠,
quá khó khăn trong việc báo cáo bài .,Tiêu cực 😠,,,
"cô dạy đến hơi thở cuối cùng , rất tận tâm với sinh viên , sinh viên không rõ vấn đề gì đề giải thích cặn kẽ , lâu lâu trong giờ học kể những vấn đề có liên quan tới môn học giúp cho sinh viên định hướng được học môn này để làm gì tạo hứng thú cho sinh viên học tập , đặc biệt cô có giờ tiếp sinh viên định kỳ để để hỗ trợ sinh viên em rất thích điều này .",Tích cực 😄,,,
ngoài ra cung cấp một vài thông tin bổ sung về việc học công nghệ thông tin hiệu quả hơn .,,,,
cô dạy nhiệt tình và dễ hiểu .,Tích cực 😄,,,
"giảng dễ hiểu , cho bài tập đầy đủ .",Tích cực 😄,,,
"thầy vui tính , rất nhiệt tình với sinh viên .",Tích cực 😄,,,
sự nhiệt tình và liên hệ thực tế của giáo viên .,Tích cực 😄,,,
tận tình chỉ bảo .,Tích cực 😄,,,
"mong giảng viên có thể liên hệ bài học với thực tế , cho ví dụ nhiều hơn sinh viên có thể hiểu được bài .",Tiêu cực 😠,,,
giảng viên giảng nhiều bài tập và tăng cường ôn tập ngữ pháp và luyện nói .,Tích cực 😄,,,
"tụi em tới để học chứ không phải để nghe cô chê bai người việt này nọ lọ chai , không phải để nghe việc cô đi dạy người nước ngoài nói tiếng việt , cô cũng đừng đánh giá người ta nói cái gì cho cả một tập thể .",Tiêu cực 😠,,,
đề thi khó .,,Tiêu cực 😠,,
không check mail mỗi khi hỏi bài .,Tiêu cực 😠,,,
nhiều tài liệu hữu ích .,,Tích cực 😄,,
"đồ án cuối kỳ trong vòng một tháng cuối , áp dụng được quy trình thực tế .",,Tiêu cực 😠,,
thúc đẩy sinh viên tự học đạt điểm cao trong các kỳ thi .,Tiêu cực 😠,,,
"thì hiện nay khóa 5 đang học môn này có cảm nhận vẫn còn là con "" chuột bạch "" thử nghiệm cho môn học .",,Tiêu cực 😠,,
"thầy rất nhiệt tình , vui tính , dạy dễ hiểu và cặn kẽ .",Tích cực 😄,,,
giảng viên nói tiếng anh không hay .,Tiêu cực 😠,,,
các công thức đã có sự đổi mới nên cô cần cập nhật thêm ( betweenness centrality và closeness centrality ) tránh áp đặt kiến thức lên sinh viên .,Tiêu cực 😠,Tiêu cực 😠,,
thầy không quan tâm đến học sinh .,Tiêu cực 😠,,,
"mong nhà trường cần nâng cấp các phòng thực hành , và phong lab khoa .",,,Tiêu cực 😠,
"nhưng cách truyền đạt và cách dạy học rất buồn ngủ , không hiệu quả , rắc rối .",Tiêu cực 😠,,,
"giảng viên vui vẻ , thoải mái trong giờ học , không gây áp lực .",Tích cực 😄,,,
không dễ tính .,,,,
"giảng rất hay và dễ hiểu , giúp cho sinh viên nắm vững kiến thức .",Tích cực 😄,,,
"giảng viên giảng dạy nhiệt tình , có đầy đủ các hoạt động để sinh viên rèn luyện và học tập .",Tích cực 😄,,,
"giảng viên không dạy phần trọng tâm của môn học , dạy quá dài dòng , và cần hạn chế viết bảng .",Tiêu cực 😠,,,
"giảng viên chưa giải hết thắc mắc của sinh viên , còn một vài vấn đề chưa hiểu rõ .",Tiêu cực 😠,,,
"cô dạy vui , dễ hiểu .",Tích cực 😄,,,
được 200 điểm là đươc 1 điểm quá trình .,,Tiêu cực 😠,,
chất lượng tốt .,,,,
tôi thấy rất bất mãn về việc giảng dạy của giảng viên mong nhà trường chấn chỉnh lại việt này .,Tiêu cực 😠,,,
"giảng viên giảng dạy dễ hiểu , nhanh tiếp thu bài , đưa ra các ví dụ và bài tập hay .",Tích cực 😄,,,
thầy giảng bài quá buồn ngủ .,Tiêu cực 😠,,,
"thầy vui tính , dạy rất dễ hiểu và rất nhiệt tình .",Tích cực 😄,,,
các bài thực hành cần bám sát theo chương trình lý thuyết .,,Tiêu cực 😠,,
tài liệu được cấp thông qua lớp trưởng .,,Tích cực 😄,,
"nhiệt tình , tài liệu đầy đủ dễ đọc dễ hiểu .",Tích cực 😄,,,
thầy vui tính trong việc dạy .,Tích cực 😄,,,
"thầy rất tân tâm , vui vẻ , và có khả năng truyền đạt kiến thức .",Tích cực 😄,,,
"slide bài giảng đầy đủ rõ ràng , giáo viên đúng giờ .",,Tích cực 😄,,
cô vui vẻ trong giảng dạy .,Tích cực 😄,,,
"tận tình , chu đáo , hiểu tâm lý sinh viên .",Tích cực 😄,,,
"giảng viên giảng dạy tận tâm , nhiệt huyết .",Tích cực 😄,,,
"giáo viên dễ gần , phương pháp dạy dể tiếp thu .",Tích cực 😄,,,
"thầy mở máy lạnh lạnh quá ạ , mong thầy bật máy lạnh vừa phải thôi !",Tiêu cực 😠,,,
giảng viên nên trình bày mẫu các bài giải nhiều hơn .,Tiêu cực 😠,,,
dành ra những tiết thực hành nghe nói riêng tạo sự tự nhiên cho sinh viên khi giao tiếp bằng tiếng anh .,Tiêu cực 😠,,,
cô giáo xinh .,Tích cực 😄,,,
"giảng hay , dễ hiểu .",Tích cực 😄,,,
thầy dạy cho nhiều dạng bài tập ví dụ hay giúp em hiểu rõ hơn môn mạng .,Tích cực 😄,,,
chia sẻ kiến thức thực tế cho sinh viên .,Tích cực 😄,Tích cực 😄,,
"thầy cũng vui tính , nói chuyện liên hệ thực tiễn cao .",Tích cực 😄,,,
"nội dung không sâu , sơ sài .",Tiêu cực 😠,,,
"giáo viên nhiệt tình , thân thiện .",Tích cực 😄,,,
chủ yếu dựa vào năng lực tự học của sinh viên .,,Tiêu cực 😠,,
"đúng giờ , tận tình .",Tích cực 😄,,,
thầy lên lớp đúng giờ .,Tích cực 😄,,,
"giọng cô khó nghe , cô truyền đạt chưa hay , giảng nhanh .",Tiêu cực 😠,,,
sự nhiệt tình .,Tích cực 😄,,,
"thầy cho ít bài tập để làm , toàn bộ bài tập em làm đều là do các bạn ở lớp khác chia sẻ .",Tiêu cực 😠,,,
thầy dạy rất truyền cảm .,Tích cực 😄,,,
thầy rất đúng giờ .,Tích cực 😄,,,
cô có tổ chức một hoạt động về anh văn nhưng em thấy chưa thực sự có hiệu quả ( đó là ý kiến cá nhân của em ) .,Tiêu cực 😠,,,
"giảng khó hiểu , nhưng phần lớn là do môn giải tích khó .",Tiêu cực 😠,,,
"cô tạo được một môi trường học tập rất thân thiện , thoải mái và không kém phần bổ ích cho sinh viên , hy vọng cô sẽ dạy nhiều hơn .",Tích cực 😄,,,
khi nào sinh viên chưa hiểu đều giảng nhiệt tình .,Tiêu cực 😠,,,
thầy dịch slide và giảng khó hiểu .,Tiêu cực 😠,,,
không đăng slide bài giảng lên course .,Tiêu cực 😠,,,
cẩn thận .,,,,
thầy cần chủ động về thời gian .,Tiêu cực 😠,,,
"thầy giáo tích cực , tâm lý .",Tích cực 😄,,,
"thầy tận tâm , nhiệt tình với sinh viên .",Tích cực 😄,,,
thầy dạy bám sát nội dung cần thiết nhiệt tình .,Tích cực 😄,,,
em mong thầy sẽ cung cấp chúng em nhiều tài liệu chính thống hơn để chúng em có thể dễ dàng tìm hiểu kiến thức môn học .,Tiêu cực 😠,,,
"cô dạy nhiệt tình , thường xuyên chia sẻ bài trên website môn học .",Tích cực 😄,,,
đã là chủ nhật còn bắt đi học .,,Tiêu cực 😠,,
thầy nhiệt tình giảng bài !,Tích cực 😄,,,
quá nhiều nội dung không cần thiết .,,Tiêu cực 😠,,
thầy giảng kỹ bài .,Tích cực 😄,,,
"cô nhiệt tình với sinh viên , vui vẻ .",Tích cực 😄,,,
"thầy dạy vui tính , không áp lực .",Tích cực 😄,,,
"việc truyền đạt kiến thức theo lối bình dân , khiến sinh viên khó hình dung , nắm bắt được mình đang được truyền đạt điều gì .",Tiêu cực 😠,,,
và nội dung đó không giúp sinh viên sau này nhiều .,,,,
"thầy giảng bài rất nhiệt tình , có các ví dụ minh họa để làm rõ vấn đề .",Tích cực 😄,,,
các bài tập thực hành giúp nâng cao kiến thức đã học trên lớp .,,Tích cực 😄,,
báo nghỉ không đại trà .,Tiêu cực 😠,,,
"cô dạy hay tuyệt , rất dễ hiểu .",Tích cực 😄,,,
thầy giao đồ án cho sinh viên tự bơi .,Tiêu cực 😠,,,
"dạy đúng giờ , thường xuyên đưa bài tập lên moodle , tạo cơ hội cho học sinh rèn luyện kỹ năng nghe và nói nhiều .",Tích cực 😄,,,
giảng viên giảng chưa được thú vị .,Tiêu cực 😠,,,
em muốn thầy dạy và sửa bài tập .,Tích cực 😄,,,
đừng có một chỗ tiếng anh một chỗ tiếng việt .,,Tiêu cực 😠,,
giảng dạy hay dễ hiểu .,Tích cực 😄,,,
cần sử dụng phòng elab và các thiết bị nghe nhìn cho lớp chất lượng cao .,,,Tiêu cực 😠,
thầy nhiệt tình trong cách giảng dạy .,Tích cực 😄,,,
"theo như danh sách phòng đào tạo đưa xuống , lớp học có gần 140 sinh viên đăng kí .",,Tiêu cực 😠,,
môn này là môn quan trọng trong truyền thông nên cần thực hành trên phần mềm và thiết bị mô phỏng nhiều hơn .,,Tiêu cực 😠,,
giảng viên giảng dạy theo đúng quy trình .,Tích cực 😄,,,
"hiện tại tương đối tốt , không cần điều chỉnh gì thêm .",,,,
"giảng dạy tận tâm , nhiệt tình , hay .",Tích cực 😄,,,
vui tính hoà đồng .,Tích cực 😄,,,
"giảng viên thường cho một số bài tập nâng cao , hơi quá sức đối với tụi em .",Tiêu cực 😠,,,
"thầy khá hiền , ít nói .",Tiêu cực 😠,,,
"cô dạy dễ hiểu , bài giảng sống động .",Tích cực 😄,,,
"thầy cho bài tập về quá nhiều , thời gian cố định , ngắn nên không đủ thời gian để làm bài .",Tiêu cực 😠,,,
"giáo viên dạy tận tình , dễ hiểu , hay giải đáp những thắc mắc của sinh viên về môn học .",Tích cực 😄,,,
nhà trường nên có nhiều giáo trình bài tập và hướng dẫn giải bài tập nhiều hơn .,,Tiêu cực 😠,,
"tận tâm , nhiệt tình giải đáp thắc mắc trong quá trình học .",Tích cực 😄,,,
"thầy dạy vui , không khô khan , liên tưởng tốt .",Tiêu cực 😠,,,
tệ đến mức không tả được .,,,,
"giảng viên diễn đạt quá nhanh , lớp thường rất đông , rất thiệt thòi cho sinh viên ngồi cuối lớp do không nhìn thấy nội dung bài giảng .",Tiêu cực 😠,,,
thầy không cho slide bài giảng cũng không giới thiệu tài liệu đọc thêm .,Tiêu cực 😠,,,
nếu là điểm cố định thì thầy phải cho cơ hội cho tất cả các sinh viên đều nộp bài được và giải thích rõ ràng khung điểm này từ đầu .,Tiêu cực 😠,,,
thầy tiếp tục giảng bài .,Tiêu cực 😠,,,
"tài liệu thầy cung cấp đầy đủ , cụ thể .",Tích cực 😄,Tích cực 😄,,
cực kỳ nhiệt tình .,Tích cực 😄,,,
"thầy ít có giảng về bài tập , chỉ cho sinh viên tự tìm hiểu .",Tiêu cực 😠,,,
giáo viên có kiến thức tốt .,Tích cực 😄,,,
"nhờ thầy cho bài tập và sửa thầy không làm , và cũng giảng nhưng mà để làm được bài thì em muốn có được cách làm rõ ràng .",Tiêu cực 😠,,,
"học thầy rất là vui , mà còn biết thêm nhiều cái hay nữa .",Tích cực 😄,,,
có thể tổ chức các buổi seminar nhằm kích thích sinh viên tìm hiểu thêm và ứng dụng tốt hơn môn học này vào thực tiễn .,,Tiêu cực 😠,,
"thầy giảng bài khá là dễ hiểu , chậm nhưng chắc .",Tích cực 😄,,,
"dạy dễ hiểu , và cung cấp thêm những phương pháp học tập hiệu quả .",Tích cực 😄,,,
"cô dạy rất dễ thương , dễ hiểu , nắm chắc kiến thức .",Tích cực 😄,,,
"thầy giảng dạy nhiệt tình , hăng say !",Tích cực 😄,,,
"thêm nữa , thầy cũng không muốn nhìn thấy một sinh viên ngủ gục trên bàn mà vẫn có tên trong danh sách điểm danh .",Tiêu cực 😠,,,
thầy dạy dễ hiểu tận tâm nhiệt tình với sinh viên .,Tích cực 😄,,,
giải bài tập cho sinh viên nhiều .,Tích cực 😄,,,
môn mạng máy tính còn nặng nề lý thuyết rất nhiều .,,,Tiêu cực 😠,
thầy giảng bài rất hay !,Tích cực 😄,,,
không áp lực khi học tập .,,Tiêu cực 😠,,
"tiết học căng thẳng , phải thường xuyên đúng giờ .",Tích cực 😄,,,
"nhưng thầy rất ra dáng một doanh nhân thành đạt , một người diễn thuyết tạo cảm hứng nhiều hơn là kiến thức phù hợp với sinh viên .",Tích cực 😄,,,
thầy lồng ghép ví dụ thực tiễn vào bài học .,Tích cực 😄,,,
"cô dạy nhiệt tình và có tâm huyết , dễ hiểu , cô dạy rất hay và cung cấp cho em nhiều kiến thức , trình độ của cô rất giỏi .",Tích cực 😄,,,
nâng cấp hệ thống loa cho các phòng học .,,,Tiêu cực 😠,
"giảng viên nhiệt tình , tâm huyết , giảng dạy tốt .",Tích cực 😄,,,
đề nghị trừ lương .,,,,
"thầy dạy hay nhưng không ôn tập thi giữa kỳ , cuối kỳ cho sinh viên .",Tiêu cực 😠,,,
thầy dạy hay và tận tâm với em .,Tích cực 😄,,,
"nhiệt tình , tận tâm , giảng dễ hiểu .",Tích cực 😄,,,
"em thích cách dạy của thầy , làm bài tập sau khi giảng xong lý thuyết cho sinh viên có thể nhớ ngay hôm ấy không cần về nhà coi lại bài .",Tiêu cực 😠,,,
giảng viên cần đảm bảo thời gian lên lớp .,Tiêu cực 😠,,,
giảng viên cho bài tập bám sát nội dung giảng dạy .,Tích cực 😄,,,
giảng viên nhiệt tình !,Tích cực 😄,,,
máy chiếu tại phòng học còn mờ .,,,Tiêu cực 😠,
viết quá nhiều ví dụ trùng lặp ( dạng ) với nhau .,Tiêu cực 😠,,,
tài liệu môn mạng máy tính được dịch từ computer networking a topdown aproach còn hơi khó hiểu để sinh viên học hay tự nghiên cứu .,,Tiêu cực 😠,Tiêu cực 😠,
thầy rất nhiệt tình giảng dạy .,Tích cực 😄,,,
"em mong muốn được nghe thầy kể nhiều câu chuyện về sự nghiệp và cuộc đời , gian nan từng trải của thầy trong các bài học nhiều hơn nữa , có lẻ sinh viên sẽ học được nhiều điều hơn .",Tiêu cực 😠,,,
"em thấy lúc giảng , thầy chỉ ngồi yên trên ghế và đọc slide dẫn đến sinh viên cảm thấy nhàm chán .",Tiêu cực 😠,,,
thầy dạy rất dễ hiểu .,Tích cực 😄,,,
"dạy chắc chắn kiến thức , truyền đạt tốt .",Tích cực 😄,,,
"thầy dạy rất hay , quan tâm học sinh .",Tích cực 😄,,,
giáo trình môn học được cập nhật .,,Tiêu cực 😠,,
thầy thường xuyên đặt ra những deadline không phù hợp với sinh viên .,Tiêu cực 😠,,,
phương pháp dạy thực hành rất hay .,Tích cực 😄,,,
"giảng viên tận tâm , nhiệt tình , dễ tính , lên lớp đúng giờ .",Tích cực 😄,,,
quá khắt khe colonsad .,Tiêu cực 😠,,,
em mới gặp thầy buổi thực hành cũng là buổi thi .,Tích cực 😄,,,
"cô dạy hay , lại rất đúng giờ dạy học .",Tích cực 😄,,,
giải đáp rất tận tình mọi thắc mắc của sinh viên .,Tích cực 😄,,,
"cô dễ thương , tận tâm với sinh viên .",Tích cực 😄,,,
cách giảng của thầy hơi đều và chậm .,Tiêu cực 😠,,,
"giảng viên nhiệt tình , tạo nhiều hoạt động cho lớp .",Tích cực 😄,,,
cần thể hiện chi tiết hơn nội dung của môn học và nhiều ví dụ minh hoạ hơn .,,Tiêu cực 😠,,
không đảm bảo giờ lên lớp .,Tiêu cực 😠,,,
"mỗi khi báo cáo tiến độ đồ án trong năm học , giảng viên chỉ chỉ ra duy nhất một lỗi trong đồ án cho sinh viên , mà không xem toàn bộ đồ án để góp ý cho sinh viên mọi sai sót để sinh viên khắc phục trong lần báo cáo cuối kỳ .",Tiêu cực 😠,,,
quá tệ .,,,,
"giảng viên tận tâm , nhiệt tình , vui vẻ .",Tích cực 😄,,,
tăng thêm thời lượng môn học .,,Tiêu cực 😠,,
giúp học sinh chủ động trong việc thực hiện đề tài và nhiệt tình giúp đỡ sinh viên tìm tài liệu .,Tích cực 😄,,,
cung cấp nhiều kiến thức bổ ích cho sinh viên .,Tích cực 😄,,,
"giảng viên nhiệt tình trong giảng dạy , hệ thống tài liệu học tập được update tốt .",Tích cực 😄,,,
giáo viên nhiệt tình giảng dạy .,Tích cực 😄,,,
thầy dạy rất nhiều điều bổ ích từ học tập đến cuộc sống ngoài đời .,Tích cực 😄,,,
"cách diễn đạt dễ hiểu , vui vẻ , tận tình với học sinh .",Tích cực 😄,,,
"hay đi trễ , dạy lố thời gian .",Tiêu cực 😠,,,
tận tình chu đáo dễ hiểu .,Tích cực 😄,,,
giải đáp thắc mắc sinh viên kỹ lưỡng .,Tích cực 😄,,,
"phần đầu môn này nói về những chủ đề đại loại như "" làm thế nào để thành công "" , "" thói quen người thành công "" hay là bàn về tương lai vdotv .",,,,
"dạy nhiệt tình , vui vẻ trong giờ học .",Tích cực 😄,,,
như vậy là được .,,,,Trung lập 😐
thấy rất vui tính .,Tích cực 😄,,,
"giảng dạy quoa loa , thiếu nhiệt tình , chương trình học hoàn toàn không ăn khớp với lý thuyết .",Tiêu cực 😠,,,
giảng viên nên dạy kỹ hơn các phần quan trọng của bài học .,Tiêu cực 😠,,,
"giáo viên không nhiệt tình , tận tâm với sinh viên .",Tiêu cực 😠,,,
"môn học này không có sắp xếp lịch học , phòng học .",,Tiêu cực 😠,,
"nhiều bạn phải học tiết 4 , 5 phải nghỉ giữa chừng để đi học môn khác như tư tưởng .",,,,
khả năng tiếng anh .,,,,
không công bố điểm giữa kỳ sớm .,,Tiêu cực 😠,,
nên giảng những phần cần chú trọng nhiều hơn .,Tiêu cực 😠,,,
phương pháp giảng tốt .,Tích cực 😄,,,
thầy dạy dễ hiểu !,Tích cực 😄,,,
"thầy lên lớp rất trễ , giờ học bắt đầu vào lúc 13h00 thì có hôm 13h30 hoặc 14h00 thầy mới vô .",Tiêu cực 😠,,,
"thầy dạy hay , cung cấp thông tin rất chi tiết , ví dụ dễ hiểu .",Tích cực 😄,,,
"giảng viên vui vẻ , giảng dạy tận tâm , đến lớp đầy đủ đúng giờ .",Tích cực 😄,,,
giảng viên tận tâm nhiệt tình vui vẻ .,Tích cực 😄,,,
giọng nói khó truyền đạt kiến thức một cách hiệu quả nhất .,Tiêu cực 😠,,,
học còn khá tẻ nhạt .,Tiêu cực 😠,,,
"giọng nói hơi nhỏ , khó tiếp thu !",Tiêu cực 😠,,,
"dạy rất kỹ , rất nhiệt tình , thêm giờ để hoàn thành xong bài giảng , hỏi han sinh viên , nói chung là rất tuyệt .",Tích cực 😄,,,
thực hành nhiều hơn .,,Tiêu cực 😠,,
"tiết học vui vẻ , thoải mái , thầy dạy nhiệt tình , dễ tiếp thu .",Tích cực 😄,,,
nhiều phần nâng cao thường bị giảng viên bỏ qua .,Tiêu cực 😠,,,
dời lịch hẹn gặp sinh viên nhưng không thông báo .,Tiêu cực 😠,,,
"phòng học , micro , máy chiếu cần nâng cấp và cải thiện và bảo trì thường xuyên hơn .",,,Tiêu cực 😠,
tận dụng hết thời gian .,Tích cực 😄,,,
"thầy dạy tận tâm , nhiệt tình , tạo nhiều điều kiện giúp đỡ , hỗ trợ sinh viên học tập tốt môn học .",Tích cực 😄,,,
đôi lúc giảng quá nhanh .,Tiêu cực 😠,,,
"thầy dạy với tư tưởng là sinh viên biết hết cả rồi , lên giảng dạy chỉ nói vài chỗ .",Tích cực 😄,,,
cần đổi mới tài liệu .,,Tiêu cực 😠,,
do đó làm hiệu quả học chưa đạt mức tốt nhất .,,Tiêu cực 😠,,
"tận tâm , nhiệt tình giảng dạy , tiết học có lồng ghép nhiều chuyện đời vui vẻ , lý thú , không gây buồn ngủ .",Tích cực 😄,,,
"hoạt động dạy và học rất sôi nổi , rất tận tâm và nhiệt huyết !",Tích cực 😄,,,
"nhiệt tình , tạo không khí học tập tốt .",Tích cực 😄,,,
thầy nên up các bài giải lên để em so sánh kết quả cho dễ .,Tiêu cực 😠,,,
"cơ sơ vật chất tốt , giảng hay .",,,Tiêu cực 😠,
"em nghĩ nhà trường nên nâng cấp phiên bản của sql vì sql 2005 mà nhà trường đang cho sinh viên thực hành còn thiếu sót nhiều chức năng , hỗ trợ .",,Tiêu cực 😠,,
"giảng viên cũng hỗ trợ nhiều kiến thức cho sinh viên , giúp sinh viên hiểu bài tốt hơn .",Tích cực 😄,,,
dạy nói hơi nhỏ .,Tiêu cực 😠,,,
em thấy cô dạy rất hay .,Tích cực 😄,,,
thầy dạy rất nhiệt tình .,Tích cực 😄,,,
"sinh viên lớp chất lượng cao nhưng lại xếp thi phòng thực hành của lớp thường , việc cấu hình máy mất hơn nửa tiếng cho cả lớp , chưa kể còn nhiều bất cập khi làm bài thi .",,,,
"cách truyền đạt kiến thức dễ hiểu , sự hài hước vui vẻ .",Tích cực 😄,,,
"phương pháp dạy của thầy rất hay , cho điểm rất rõ ràng .",Tích cực 😄,,,
tận tình nhiệt huyết .,Tích cực 😄,,,
"giáo viên giảng bài dễ hiểu , nhiệt tình .",Tích cực 😄,,,
"tận tâm , nhiệt tình , đúng giờ .",Tích cực 😄,,,
"cô nhiệt tình , tận tâm , dạy dễ hiểu , quan tâm học sinh , lớp hoạt động sôi nổi , phát âm dễ nghe , dễ hiểu .",Tích cực 😄,,,
"giáo viên dạy nhiệt tình , dễ hiểu .",Tích cực 😄,,,
cách thức diễn đạt chưa đạt hiệu quả tốt .,Tiêu cực 😠,,,
nội dung bài giảng khó hiểu .,,Tiêu cực 😠,,
không hài lòng với sự cố gắng của bản thân mình .,,,,
lịch học bù không phù hợp với sinh viên .,,Tiêu cực 😠,,
một người thầy như vậy thì làm sao có thể dạy được học sinh tốt .,Tích cực 😄,,,
"đúng từng câu chữ thì ok , còn lại failse .",Tích cực 😄,,,
good .,,,,Tích cực 😄
khó tính .,,,,
do học khoa khác nên dạy không theo kịp tiếng độ của chương trình .,,Tiêu cực 😠,,
"giảng viên dạy hay , tận tâm , dễ hiểu bài .",Tích cực 😄,,,
giảng viên tận tâm và nhiệt tình .,Tích cực 😄,,,
quan tấm sinh viên nhiều hơn .,Tiêu cực 😠,,,
giáo viên nên làm nhiều bài tập mẫu cho sinh viên .,Tiêu cực 😠,,,
không nên dừng lại chỉ ở mức khái niệm .,,,,
"mong muốn nhà trường , khoa cùng giảng viên có thể thay đổi nội dung sao cho hấp dẫn hơn .",Tiêu cực 😠,,,
nhiệt tình yêu nghề .,Tích cực 😄,,,
"ít kinh nghiệm , dạy khó hiểu , kỹ năng giao tiếp kém , giảng bài cực khó hiểu .",Tiêu cực 😠,,,
"dễ hiểu , tích cực trong việc giải đáp thông tin của học sinh .",Tích cực 😄,,,
thầy thân thiện .,Tích cực 😄,,,
hướng dẫn dạy học tận tình .,Tích cực 😄,,,
speaking vừa rồi cô không công bằng .,Tiêu cực 😠,,,
"em không thể nghe được thầy nói gì do khác vùng miền , cách giảng dạy chưa có sức hấp dẫn .",Tiêu cực 😠,,,
"cần giảm bớt căng thẳng , dồn dập tiết học .",,Tiêu cực 😠,,
cô hướng dẫn làm đồ án rất nhiệt tình .,Tích cực 😄,,,
"thầy giảng hay , dễ hiểu , có nhiều ví dụ .",Tích cực 😄,,,
"thầy dạy nhiệt tình , kiến thức bộ môn chuyên sâu , cần phát huy .",Tích cực 😄,,,
"giảng viên giảng dạy tốt , dễ hiểu .",Tích cực 😄,,,
"giảng viên giảng bài khó hiểu , đặt nặng lý thuyết khiến sinh viên khó hiểu dễ gây chán nản .",Tiêu cực 😠,,,
"nhiệt tình , nhưng đôi khi quá nhiệt tình , giảng bài một cách quá nhiều khiến em không thể nhớ hết được .",Tiêu cực 😠,,,
ôn kiến thức bằng cách chơi trò chơi .,Tích cực 😄,,,
môn này thầy dạy rất mơ hồ .,Tiêu cực 😠,,,
môn học cần phải gần gũi với thực tiễn ở việt nam .,,Tiêu cực 😠,,
"cô rất nhiệt tình , tận tâm và gần gũi .",Tích cực 😄,,,
giảng viên dạy rất dễ hiều .,Tích cực 😄,,,
"thầy có lòng giúp sinh viên , rất tốt .",Tích cực 😄,,,
cần tạo cảm hứng học hơn cho sinh viên .,Tiêu cực 😠,,,
sau môn học toàn kiến thức lý thuyết mà không biết vận dụng kiến thức đó như thế nào .,,Tiêu cực 😠,,
mini test trong cả khóa học nhiều hơn .,,,,
đồ án thầy phân tích rất chuyên sâu .,Tích cực 😄,,,
thầy cần sử dụng máy chiếu khi giảng bài vì lớp khá đông !,Tiêu cực 😠,,,
"thầy giảng dạy những phần kiến thức có hơi cao , sinh viên không nắm bắt kịp .",Tiêu cực 😠,,,
cần lắp thêm quạt và màn che cửa sổ .,,,Tiêu cực 😠,
"thầy ơi , giảng bài cho tụi em đi !",Tiêu cực 😠,,,
mong cô giúp đỡ để cải thiện vốn tự vựng tiếng anh .,Tiêu cực 😠,,,
"cô luôn động viên và định hướng sinh viên trong việc tự rèn luyện , trau dồi kỹ năng ngoại ngữ .",Tích cực 😄,,,
nên có giờ thực hành của môn học này .,,Tiêu cực 😠,,
giảng dạy tốt đạt hiểu quả cao .,Tích cực 😄,,,
"truyền đạt tốt , dễ hiểu .",Tích cực 😄,,,
"phòng đào tạo và khoa wzjwz84 nên thống nhất lại hình thức thi và nội dung thi cho hợp lý , tránh thay đổi hình thức thi vào gần sát cuối kỳ học .",,Tiêu cực 😠,,
"giảng viên luôn đến lớp đúng giờ , giảng dạy thân thiện , tận tâm .",Tích cực 😄,,,
"những bài thuyết trình chưa đủ để nâng cao kiến thức của cá nhân , chưa thực sự phù hợp với khả năng hiện tại của bản thân .",,Tiêu cực 😠,,
nhưng không sao .,,,,
"giảng viên dạy dễ hiểu , hướng dẫn bài tập cụ thể .",Tích cực 😄,,,
"cho thêm bài tập về nhà , đề tài thuyết trình bằng tiếng anh , bài viết .",,Tiêu cực 😠,,
"giảng viên dạy dễ hiểu , đi dạy đúng giờ .",Tích cực 😄,,,
giảng viên làm việc riêng khi sinh viên báo cáo .,Tiêu cực 😠,,,
"nhiệt tình , quan tâm giúp đỡ học sinh .",Tích cực 😄,,,
sức khỏe yếu .,,,,
giảng viên không sử dụng moodle để sinh viên nộp bài tập mà yêu cầu gửi qua mail cá nhân .,Tiêu cực 😠,,,
giảng viên quá tệ .,Tiêu cực 😠,,,
hài lòng hết !,,,,
thầy dạy rất đúng giờ .,Tích cực 😄,,,
thầy rất vui tính gần gũi .,Tích cực 😄,,,
lên lớp đầy đủ .,Tích cực 😄,,,
giáo viên lên lớp đúng giờ .,Tích cực 😄,,,
hướng dẫn cách học tiếng anh hiệu quả cho sinh viên !,Tích cực 😄,,,
nhiệt tình với sinh viên .,Tích cực 😄,,,
"đề thi không có tính phân loại về kiến thức nhiều , mà hơn nhau ở chỗ ai tỉ mỉ hơn , ai nhanh hơn .",,Tiêu cực 😠,,
khả năng sư phạm của cô theo em cần được cải thiện hơn .,Tiêu cực 😠,,,
thầy đẹp trai colonlove .,Tích cực 😄,,,
giảng viên thường xuyên tương tác với sinh viên trong lúc dạy .,Tiêu cực 😠,,,
cô nên yêu cầu sinh viên trả lời câu hỏi nhiều hơn .,Tiêu cực 😠,,,
cung cấp lượng lớn thông tin .,,,,
có nhiều thứ bổ ích .,,,,
thầy giảng rất kỹ từ lý thuyết cho đến bài tập .,Tích cực 😄,,,
nguyên kỳ này em thấy học được mỗi môn của thầy dạy là vô .,Tiêu cực 😠,,,
"thầy siêu dễ thương , dạy có tâm .",Tích cực 😄,,,
điều chỉnh trang thiết bị giảng dạy .,,,Tiêu cực 😠,
lo cho sinh viên .,Tích cực 😄,,,
đôi khi thầy hơi lan man .,Tiêu cực 😠,,,
cô giáo tuyệt vời .,Tích cực 😄,,,
"đi dạy đúng giờ , truyền đạt kiến thức dễ nắm bắt .",Tích cực 😄,,,
phần thực hành nếu có phải nộp bài nào để lấy điểm thì nên thông báo lên moodle và cho nộp online .,,Tiêu cực 😠,,
"sinh viên được chủ động trong giờ học , tự suy nghĩ , tham gia thảo luận về bài học và có liên hệ thực tế .",,,,
chưa từng gặp giảng viên wzjwz144 ở môn thực hành thiết bị mạng và truyền thông đa phương tiện .,Tiêu cực 😠,,,
hoạt động tham quan rất bổ ích .,Tích cực 😄,,,
thầy rất nhiệt huyết trong khi giảng bài .,Tích cực 😄,,,
"thầy dạy hay , dễ hiểu , cho bài tập nhiều nhưng thường quá giờ quy định .",Tích cực 😄,,,
"đôi khi thầy có đến trễ một chút nhưng các nội dung thầy giảng dạy đều đầy đủ , ngoài ra thầy còn tăng thêm các buổi tăng cường trước các ngày thi .",Tiêu cực 😠,,,
thầy không quan tâm tiến độ và bám sát hoạt động học của sinh viên .,Tiêu cực 😠,,,
quay video quá trình dạy .,,,,
trong quá trình dạy cô có liên hệ thực tế nhiều .,Tích cực 😄,,,
thầy dạy rất nhiệt tình ví dụ và lý thuyết dễ hiểu slide bài giảng tốt .,Tích cực 😄,,,
thầy dạy khá hay và kỹ .,Tích cực 😄,,,
truyền đạt rất tốt .,Tích cực 😄,,,
tận tâm và nhiệt tình trong giảng dạy .,Tích cực 😄,,,
"rất dễ hiểu , bài tập phong phú , đa dạng .",Tích cực 😄,,,
"cô dạy rất tận tình , tạo không khí thoải mái trong lớp học cung cấp tốt mọi kiến thức cho sinh viên quan tâm đến sinh viên .",Tích cực 😄,,,
vui nhiệt tình tận tâm .,Tích cực 😄,,,
yêu cầu bài lab chưa đủ rõ ràng .,,,,
"một vấn đề nữa , em mong quý thầy cô tạo một không khí hưng thú cho sinh viên , có thể kể thêm chuyện ngoài lề , bao giờ vui vẻ thì sinh viên cũng học tốt hơn , gò bó ép buộc mình vào một điều gì đó đôi khi lại phản tác dụng , em tin nếu làm được thế sinh viên sẽ tự giác đi học nhiều hơn , còn việc điểm danh thì thủ tục quá gây cho học sinh tâm lý trói buộc .",Tiêu cực 😠,,,
có chuẩn bị slide bài giảng chi tiết với nhiệt tình .,,,,
"thầy dạy nhiệt tình , cập nhật được kiến thức mới .",Tích cực 😄,,,
"giảng viên nhiệt huyết , rất có tâm colonhihi .",Tích cực 😄,,,
"dạy sai kiến thức về fork , sai giải thuật round - robin , sai kiến thức về bộ nhớ .",Tiêu cực 😠,,,
giảng viên thiếu trách nhiệm .,Tiêu cực 😠,,,
"rất thích cách dạy của thầy , dễ hiểu , thầy rất tận tình .",Tích cực 😄,,,
"cô vui tính , truyền đạt được ý kiến cho học sinh , tạo môi trường làm việc nhóm hiệu quả .",Tích cực 😄,,,
"cô dạy rất kỹ , nhiệt tình , cô luôn giám sát thái độ và chất lượng học tập của sinh viên , và luôn cóc những bào tập về nhà để sinh viên luyện tập thêm ở nhà .",Tích cực 😄,,,
"giảng viên theo dõi , giám sát quá trình thực hành .",Tích cực 😄,,,
"thầy cho cả lớp tranh luận về các quy luật , các cặp phạm trù , các nguyên lý của chủ nghĩa mác - lênin .",Tích cực 😄,,,
thầy dạy tâm huyết và nhiệt tình .,Tích cực 😄,,,
"trình bày vấn đề đơn giản , dễ tiếp thu .",Tích cực 😄,,,
"giảng viên nên có bài sửa cho những bài thực hành được cho làm , hoặc giảng lại cách làm sau đó .",Tiêu cực 😠,,,
cần đảm bảo thời gian lên lớp .,,Tiêu cực 😠,,
kiến thức truyền đạt .,Tích cực 😄,,,
"giảng viên nói to rõ , nhiệt tình , tận tâm .",Tích cực 😄,,,
cần tăng thêm bài tập thực tế .,,Tiêu cực 😠,,
cô tạo không khí vui vẻ và tạo được tinh thần học cho sinh viên .,Tích cực 😄,,,
"nhiệt tình , quan tâm sinh viên .",Tích cực 😄,,,
"thầy dạy nhiệt tình , cho nhiều ví dụ .",Tích cực 😄,,,
không giới thiệu khái quát về nội dung .,,Tiêu cực 😠,,
tâm huyết giảng dạy của giáo viên .,Tích cực 😄,,,
"những bài giảng thiết thực , kèm theo những hình thức học tập mới lạ làm cho sinh viên cảm thấy bớt căng thắng khi học .",,,,
tài liệu ôn tập thi không được cung cấp .,,Tiêu cực 😠,,
không thông báo rõ ràng lịch học .,,,,
"thầy tận tâm nhiệt tình , dạy sát nội dung môn học .",Tích cực 😄,,,
giảng viên khuyến khích sinh viên tự tìm hiểu .,Tích cực 😄,,,
nâng cấp phiên bản của các phần mềm .,,,,
"thầy dạy hay , dễ hiểu bài , em thích điều đó .",Tích cực 😄,,,
"giảng viên vui vẻ , hoạt bát , lun tiếp cận tìm hiểu sinh viên , giúp sinh viên hiểu bài tốt hơn .",Tích cực 😄,,,
mọi mặt đều tốt .,,,,
đó là ý kiến cá nhân của em .,,,,
cô đẩy nhanh quá nên chậm lại xíu .,Tiêu cực 😠,,,
"hướng dẫn và giảng dạy chi tiết , dễ hiểu .",Tích cực 😄,,,
"thầy nhiệt tình , giải đáp thắc mắc kịp thời .",Tích cực 😄,,,
thầy giải thích rất chi tiết nội dung bài .,Tích cực 😄,,,
"thầy cho các nhóm seminar dịch sách tiếng anh nhưng nhiều nhóm làm quá qua loa nên em không hiểu nội dung sách cho lắm , mặc dù thầy có giảng lại .",Tiêu cực 😠,,,
"thầy dạy nhiệt tình , vui tính , tận tâm !",Tích cực 😄,,,
tạm tạm .,,,,
"nên tăng thời lượng thực hành để đủ thời gian cho giảng viên hướng dẫn thực hành hướng dẫn đầy đủ cho sinh viên , môn này là môn quan trọng trước khi vào chuyên ngành .",,Tiêu cực 😠,,
buổi học nào thầy cũng có mặt đầy đủ .,Tích cực 😄,,,
"cách dạy không hay , dễ gây nhàm chán .",Tiêu cực 😠,,,
có đầy nhiệt tình và quan tâm việc học .,Tích cực 😄,,,
nên có các bài tập trên lớp và bài tập hàng tuần để rèn luyện kỹ năng và vận dụng kiến thức học được vào thực tế .,,Tiêu cực 😠,,
cần tài liệu point word để dễ tiếp thu .,,Tiêu cực 😠,,
cần phân bố thời gian thực hành và lý thuyết hợp lý hơn .,,Tiêu cực 😠,,
"giáo viên thân thiện , tận tâm , nhiệt tình .",Tích cực 😄,,,
thầy nên cho sinh viên làm nhiều loại bài tập .,Tiêu cực 😠,,,
"giáo viên dạy sát chương trình , lượng kiến thức truyền đạt đầy đủ .",Tích cực 😄,,,
"cô dạy hay , rất nhiệt tình với sinh viên .",Tích cực 😄,,,
"phương pháp truyền đạt thú vị , tiết học sôi động không gò bó .",Tích cực 😄,,,
"thầy wzjwz288 nhiệt tình , nghiêm túc .",Tích cực 😄,,,
mong thầy lên lớp đừng muộn quá .,Tiêu cực 😠,,,
cách học theo nhóm rất hay .,Tích cực 😄,,,
"hướng dẫn tốt , nhiệt tình giải đáp khi sinh viên có thắc mắc .",Tích cực 😄,,,
"giảng viên nhiệt tình dạy tốt , nhưng cô cập nhật điểm lâu , không up bài lên course .",Tiêu cực 😠,,,
"thầy không chủ động hướng dẫn , gây khó khăn trong việc áp dụng kiến thức .",Tiêu cực 😠,,,
cuối cùng em không biết môn học làm gì .,,Tiêu cực 😠,,
"giảng dạy đúng giờ , hiệu quả .",Tích cực 😄,,,
ít bài tập làm thêm .,,Tiêu cực 😠,,
chưa tạo được nhiều hoạt động trên lớp .,Tiêu cực 😠,,,
"giải tích là một môn học khó , thầy cần thêm thời gian giảng dạy và cho sinh viên một bài thi phù hợp trình độ đồng đều hơn .",Tiêu cực 😠,,,
"giảng viên nhiệt tình , vui tính , giảng hay và dễ hiểu .",Tích cực 😄,,,
"em thấy có vài vấn đề ở môn học này , thay vì nó là một môn học có thể thay bằng một đồ án chuyên ngành .",,Tiêu cực 😠,,
"ngoài ra , các bài hướng dẫn thực hành nên chú trọng vào các vấn đề của môn để sinh viên có thể vừa tiếp cận thực hành và tiếp cận với đồ án cuối kỳ .",,Tiêu cực 😠,,
quá nghiêm khắc .,Tiêu cực 😠,,,
một số chỗ nên giảng kỹ hơn .,Tiêu cực 😠,Tiêu cực 😠,,
"điểm thi còn nhiều bất cập , rất nhiều bạn còn phúc kháo .",,Tiêu cực 😠,,
"giáo viên giảng dễ hiểu , bài tập thầy cho có tính ứng dụng cao , và cần nhiều kiến thức để giải quyết .",Tích cực 😄,,,
"thầy rất nhiệt tình , giảng bài dễ hiểu và tận tâm .",Tích cực 😄,,,
"thầy giảng rõ ràng , dễ hiểu .",Tích cực 😄,,,
bài tập chưa đủ để sinh viên thấu hiểu .,,Tiêu cực 😠,,
"giảng dạy hay , nhiệt tình , vui tính .",Tích cực 😄,,,
"không hiểu thầy có phải là giảng viên không nữa , nói tiếng anh không thể nào nghe được , còn có thái độ không nghe góp ý của sinh viên nữa chứ , giải bài gì mà toàn "" this is .",Tiêu cực 😠,,,
"giảng viên nhiệt tinh , tận tâm .",Tích cực 😄,,,
giảng viên cần tập trung đi sâu vào kiến thức ngữ pháp và nhiều bài tập hơn .,Tiêu cực 😠,,,
"cô rất vui vẻ , nhiệt huyết .",Tích cực 😄,,,
"cô wzjwz306 cực kỳ nhiệt tình , luôn biết cách tạo cơ hội cho sinh viên , khuyến khích cự chủ động và sáng tạo trên lớp , thẳng thắng phê bình dù là cả lớp một cách hết sức xây dựng và thức tỉnh .",Tích cực 😄,,,
mỗi người giảng viên đều có một phương pháp dạy khác nhau và trình bày bài tập cũng khác nhau .,Tiêu cực 😠,,,
"đề thi nằm ngoài mục tiêu giảng dạy quá nhiều , đề trắc nghiệm khách quan mà cho tới 5 đáp án là không hợp lý .",,Tiêu cực 😠,,
"thoải mái , lắng nghe ý kiến sinh viên .",Tích cực 😄,,,
"sinh viên được chia nhóm và thực hành trên thiết bị thật 2 buổi , 1 buổi làm quen và một buổi hoàn tất là hơi thiếu .",,,,
cô cho nhiều bài tập để rèn luyện .,Tích cực 😄,,,
kiến thức môn học có ích .,,Tích cực 😄,,
"thầy khá nhiệt tình , các nội dung giảng dạy của thầy là những câu chuyện thực tế mà thầy trải qua vì vậy tụi em thích thú hơn .",Tích cực 😄,,,
cần có nhiều tài liệu được cung cấp ngay từ buổi học đầu tiên thuận lợi và tạo điều kiện cho sinh viên tìm hiểu và nghiên cứu .,,Tiêu cực 😠,,
"thầy wzjwz298 , dạy rất hay và dễ hiểu môn xác suất thống kê , cực kỳ thích cách giảng dạy của thầy , bài tập và slide bài giảng thầy đều gửi đầy đủ giúp sinh viên nắm bắt được bài giảng hiệu quả .",Tích cực 😄,,,
tốt .,,,,
"giảng viên tận tình , tâm huyết .",Tích cực 😄,,,
giúp nâng cao kiến thức .,,,,
nghỉ học nhưng không thông báo cho sinh viên biết trước .,Tiêu cực 😠,,,
đảm bảo giờ giấc lên lớp .,Tích cực 😄,,,
giảng viên giảng dạy nhiệt tình và hiệu quả .,Tích cực 😄,,,
"phương pháp giảng của thầy hơi trừu tượng , đề thi có lý thuyết mà thầy quên nhắc .",Tiêu cực 😠,,,
"sự nhiệt tình của giảng viên , tạo động lực cho sinh viên học tập tốt .",Tích cực 😄,,,
cần có nhiều thời gian hơn nữa để sinh viên có thể tiếp thu và vận dụng vào trong thực tế .,,Tiêu cực 😠,,
"thầy nhiệt tình , giảng hay .",Tích cực 😄,,,
"chấm điểm rộng rãi , không công bằng .",Tiêu cực 😠,,,
"đôi lúc thầy "" chia sẻ "" hơi nhiều thời gian và việc học vào chương trình thì bị bớt lại nhưng điều này cũng không mấy ảnh hưởng gì .",Tiêu cực 😠,,,
điều em hài lòng nhất đó là thầy rất là vui vẻ khi mà hỏi bài thầy và thầy rất nhiệt tình trong lúc giảng dạy .,Tích cực 😄,,,
nhiều trang thiết bị thực hành trong phòng thực hành điện tử cơ bản đa số hư hỏng nhiều cần phải thay mới .,,,Tiêu cực 😠,
môn game là môn khó mà lượng thời gian thực hành quá ít .,,Tiêu cực 😠,,
"slide bài giảng đầy đủ rõ ràng , giáo viên đúng giờ , tạo nhiều điều kiện cho sinh viên .",,Tích cực 😄,,
thầy rất nghiêm khắc .,Tích cực 😄,,,
cần chú ý khắc phục .,,,,
"vui vẻ , tận tình giải đáp thắc mắc .",Tích cực 😄,,,
"giảng viên giảng dạy quá áp lực , gây áp lực về điểm số cho sinh viên .",Tiêu cực 😠,,,
"thiết bị thực hành không đáp ứng yêu cầu môn học , như router , switch .",,Tiêu cực 😠,Tiêu cực 😠,
"thầy giảng hay , dễ hiểu , bài tập cho về nhà vừa sức với em .",Tích cực 😄,,,
nên có tiết thực hành hỗ trợ phần đồ án .,,Tiêu cực 😠,,
"giảng viên giảng dạy nhiệt tình , tận tâm , dễ hiểu .",Tích cực 😄,,,
nói chuyện điện thoại nhiều hơn giảng dạy .,Tiêu cực 😠,,,
giảng viên rất hòa đồng với học sinh .,Tích cực 😄,,,
khi dùng micro em nghe được hai giọng của thầy và của loa rất đau đầu .,Tích cực 😄,,,
điều này như lướt qua đầu tụi em và nó chả để lại ấn tượng gì nên trong bài thi giữa kỳ đa số là sai phần bài tập .,,Tiêu cực 😠,,
còn nghỉ .,Tiêu cực 😠,,,
"quản lý lớp tốt , truyền đạt hay .",Tích cực 😄,,,
"gần gũi , phương pháp dạy phù hợp .",Tích cực 😄,,,
"trong quá trình giải bài tập , giảng viên đưa ra nhiều nhận xét khác nhau , mỗi buổi lại giải một cách khác nhau khiến sinh khiên không xác định được cách làm , hoang mang .",Tiêu cực 😠,,,
giao viên dạy rất nhiệt tình .,Tích cực 😄,,,
"có bài thì một tuần deadline , có bài thì cả tháng mới deadline , có tuần thì deadline ba bài cùng lúc .",,,,
"cô wzjwz82 dạy rất khó hiểu , nhiều bạn trong lớp không nắm được .",Tiêu cực 😠,,,
"hy vọng cô thay đổi cấu trúc đề thi thực hành , thực ra khó thì không khó lắm , nhưng đánh máy không kịp .",Tiêu cực 😠,,,
"thầy tận tâm , nhiệt tình , giảng bài trên lớp kỹ .",Tích cực 😄,,,
giảng viên luôn nhiệt tình với sinh viên trong quá trình giảng dạy .,Tích cực 😄,,,
"cô dạy vui vẻ , thân thiện với sinh viên .",Tích cực 😄,,,
môn học giúp hiểu rõ về từng ngành .,,Tích cực 😄,,
"nhiệt huyết , vui tính .",Tích cực 😄,,,
nên thường xuyên điểm danh hơn .,Tiêu cực 😠,,,
cần phòng thực hành môn học .,,Tiêu cực 😠,Tiêu cực 😠,
đây là một giảng viên có số lượng fan đông nhất trường .,Tích cực 😄,,,
"thầy dạy và hướng dẫn sinh viên làm đồ án rất tốt và rất nhiệt tình , luôn giải đáp các câu hỏi của sinh viên rất nhanh .",Tích cực 😄,,,
nên mất tiết khá nhiều .,,Tiêu cực 😠,,
"sự nhiệt tình tận tâm , nếu có thể tăng tiết cho môn học này thì rất tốt ạ !",Tích cực 😄,,,
cô chấm bài tập còn khắt khe .,Tích cực 😄,,,
cô nên sử dụng micro .,Tiêu cực 😠,,,
chỗ thực hành rất nắng và nóng và dụng cụ thực hành rất có hạn .,,Tích cực 😄,,
chưa có diễn đàn trên courses .,,Tiêu cực 😠,,
giải bài tập nhiều hơn .,Tiêu cực 😠,,,
nên nhanh chóng đưa thiết bị thật vào thực hành .,,,Tiêu cực 😠,
"có nhiều trò chơi mới lạ , vui tươi .",Tích cực 😄,,,
mở rộng hệ thống bài giảng .,,,,
đề thi ra không hợp lý .,,Tiêu cực 😠,,
"nội dung thi , kiểm tra quá rộng .",,Tiêu cực 😠,,
"thân thiện , tận tình hướng dẫn .",Tích cực 😄,,,
"cô rất nhiệt tình , dạy kỹ .",Tích cực 😄,,,
giảng viên nên hướng dẫn sinh viên sử dụng myelt trong việc tự học ở nhà .,Tiêu cực 😠,,,
"cô giảng hay , truyền đạt được kiến thức đầy đủ .",Tích cực 😄,,,
luôn vui vẻ và rất nghiêm túc trong chuyện giảng dạy .,Tích cực 😄,,,
"do năm nay chường trình av nâng lên một bậc , nên cũng giống như em vừa học xong av1 , lại nhảy lên thẳng av3 của năm ngoái .",,Tiêu cực 😠,,
trong một khoảng thời gian ngắn không thể vừa tìm hiểu vừa làm được .,,Tiêu cực 😠,,
"cách dạy thầy rất tốt , nâng cao khả năng , kiến thức của sinh viên .",Tích cực 😄,,,
tài liệu .,,Tích cực 😄,,
đưa ra nhiều ví dụ cụ thể minh họa cho bài giảng giúp cho sinh viên phân biệt rõ các khái niệm và nắm bắt bài học .,Tích cực 😄,,,
"thầy dạy hay , thầy có kiến thức sâu rộng nhưng lại không lên lớp đủ giờ học , thường xuyên nghỉ học không được báo trước làm sinh viên rất hoang mang , thiếu kiến thức .",Tiêu cực 😠,,,
giọng rõ dễ nghe .,Tích cực 😄,,,
"đúng giờ , dễ hiểu .",Tích cực 😄,,,
em chưa bao giờ gặp giáo viên như vậy trong suốt 3 năm năm đại học .,Tiêu cực 😠,,,
thiếu kinh nghiệm .,,,,
giảng viên khá tích cực trong việc trao đổi các vấn đề về đồ án với sinh viên .,Tích cực 😄,,,
thời gian làm bài tập còn hơi dài .,,Tiêu cực 😠,,
"giảng viên rất tâm huyết , nhiệt tình .",Tích cực 😄,,,
"lý thuyết quá nhiều , không nhiệt tình với sinh viên .",,Tiêu cực 😠,,
hướng dẫn giải bài tập rất hay và chi tiết .,Tích cực 😄,,,
thầy giảng bài dễ hiểu và tận tâm .,Tích cực 😄,,,
"thưa , thầy luôn nhiệt tâm và rất gần gũi với sinh viên .",Tích cực 😄,,,
"cô dạy rất nhiệt tình , hiểu tâm lý sinh viên , rất vui tính .",Tích cực 😄,,,
"môn học khá nặng và có nhiều phần rất khó hiểu , thời gian phân bố các chương cần có sự thay đổi cho phù hợp , một số phần khá khó nhưng chỉ học trong vòng vài tiết làm sinh viên rất khó hiểu .",,Tiêu cực 😠,,
"học lý thuyết khác hẳn với thực hành , học nhiều buổi thực hành nhưng thầy chỉ cho 2 bài thực hành về sân bóng mà đa số sinh viên không hiểu đề .",Tiêu cực 😠,,,
phương pháp dạy dễ hiểu .,Tích cực 😄,,,
chất lượng đào tạo quá tốt .,,Tích cực 😄,,
"em có ý kiến là thầy nên ra thêm nhiều bài tập , chia sẻ thêm nhiều tài liệu hơn .",Tiêu cực 😠,,,
thầy giảng bài rất nhiệt tình và đầy đủ kiến thức của môn học .,Tích cực 😄,,,
"giảng viên đảm bảo đủ các buổi học , nhưng rất thường xuyên đến lớp trễ .",Tiêu cực 😠,,,
giọng thầy hơi nhỏ và đều đều làm sinh viên buồn ngủ .,Tiêu cực 😠,,,
"giảng viên dạy nhiệt tình , dễ hiểu , kỹ càng , chu đáo .",Tích cực 😄,,,
thầy vui vẻ tận tâm .,Tích cực 😄,,,
"thầy dạy chi tiết , dễ hiểu bài , luôn đi vào các phần trọng tâm của bài .",Tích cực 😄,,,
"hiện nay theo em nhận thấy , trong khi lúc học thì sinh viên chỉ được học về doubledot kỹ năng ghi chép , kỹ tổ chức cuộc họp .",,Tiêu cực 😠,,
"giảng dạy hay , dễ hiểu .",Tích cực 😄,,,
thầy truyền đạt nhiều kiến thức hay .,Tích cực 😄,,,
"điểm thực hành nên chia ra nhiều mục doubledot chuyên cần , bài tập , kiểm tra , kiểm tra cuối kỳ .",,Tiêu cực 😠,,
"giảng viên nhiệt tình , đưa ra nhiều bài tập .",Tích cực 😄,,,
"thầy dạy rất hay , rất dễ hiểu .",Tích cực 😄,,,
cô dạy có tâm nhất luôn colonlove .,Tích cực 😄,,,
"cô vui tính , hướng dẫn rất tận tình .",Tích cực 😄,,,
"khả năng truyền đạt tốt , tận tâm , chu đáo .",Tích cực 😄,,,
"mong cô thay đổi một chút về phương pháp như sau , có lẽ sẽ giúp sinh viên tiếp cận dễ dàng với bài học hơn .",Tiêu cực 😠,,,
nên cho làm bài tập trên lớp sau mỗi chương .,Tiêu cực 😠,Tiêu cực 😠,,
cô dạy hay nhiệt tình nhất trong những giáo viên anh văn em đã học !,Tích cực 😄,,,
đi dạy luôn trễ từ 10 - 20 phút .,Tiêu cực 😠,,,
hoạt động giảng dạy logic và dễ hiểu không có gì để ý kiến .,Tích cực 😄,,,
"thầy nhiệt tình , chỉ dạy dễ hiểu .",Tích cực 😄,,,
buồn ngủ .,,,,
"thầy dạy hay , tận tình .",Tích cực 😄,,,
thầy đẹp trai nhưng trông có pha chút nữ tính .,Tiêu cực 😠,,,
"giáo viên chưa được tận tâm cho lắm , nhiều buổi thực hành giáo viên chỉ đến đưa thiết bị rồi đi họp .",Tiêu cực 😠,,,
cách dạy của cô rất thoải mái không gò bó sinh viên .,Tích cực 😄,,,
"tận tình , truyền đạt dễ hiểu .",Tích cực 😄,,,
có nhiều trò chơi nhỏ .,,,,
"trong giờ học thì không tập trung vào các nội dung chính của bài mà hỏi sinh viên những câu không liên quan , liên quan về vấn đề riêng tư , và em không thấy được sự áp dụng vô bài học .",Tiêu cực 😠,,,
"phòng học còn rất là bụi , phấn viết bảng thì thiếu trầm trọng , khăn lau bảng thì rách tả tơi .",,,Tiêu cực 😠,
nếu nghỉ học thì mong thầy báo sớm cho tụi em và mong thầy giải hoặc hướng tụi em cách làm một bài tập cũ hoặc mới một cách cụ thể hơn .,Tiêu cực 😠,,,
cho nhiều bài tập về nhà để luyện các kỹ năng nghe và đọc .,Tích cực 😄,,,
slide môn học có đôi chỗ bị sai .,,Tiêu cực 😠,,
"phòng học được sắp xếp gần nơi thi công wzjwz125 ồn ào , không học được .",,,Tiêu cực 😠,
"giảng viên hòa đồng , nhiệt huyết , tận tâm .",Tích cực 😄,,,
chất lượng giảng dạy .,,,,
"nếu được thì mong nhà trường hoặc giảng viên giới thiệu rõ hơn về môn học , tầm ảnh hưởng tiên quyết của nó đối với các môn học chuyên ngành về sau .",,Tiêu cực 😠,,
do bản thân .,,,,Trung lập 😐
"giảng viên hơi gầy , cần bồi bổ thể chất colonsmile .",Tiêu cực 😠,,,
"giáo viên vui tính , nhiệt huyết .",Tích cực 😄,,,
"kiến thức sát với thực tế , được cập nhật .",,Tích cực 😄,,
"thầy rất vui và dạy rất nhiệt tình , kiến thức rất rộng .",Tích cực 😄,,,
thiết bị còn quá cũ kỹ .,,,Tiêu cực 😠,
"cô đọc slides nhanh quá , ít giảng cụ thể và nêu ví dụ lên bảng .",Tiêu cực 😠,,,
"nhiệt tình , vui vẻ , tận tâm .",Tích cực 😄,,,
thầy dạy rất có tâm và giúp chúng em hiểu rất sâu .,Tích cực 😄,,,
giáo viên giảng dạy hay .,Tích cực 😄,,,
môn học rất khó hiểu .,,Tiêu cực 😠,,
giáo viên giảng khó hiểu .,Tiêu cực 😠,,,
giảng dạy vui vẻ nhiệt tình gần gũi với sinh viên .,Tích cực 😄,,,
một số máy còn không được cài đặt phần mềm thực hành .,,,,
thầy cực kỳ nhiệt tình !,Tích cực 😄,,,
bài tập mang tính ứng dụng thực tế .,,Tích cực 😄,,
đây là góp ý nhỏ của em để cô đỡ mệt thêm thôi ạ !,Tiêu cực 😠,,,
"còn ít tạo cơ hội cho sinh viên rèn luyện các kỹ năng quan trọng như nghe , nói nhiều .",Tiêu cực 😠,,,
có hài lòng .,,,,Tích cực 😄
thời gian quá ngắn .,,Tiêu cực 😠,,
thầy nhiệt tình giảng dạy dù có lúc không ai thèm nghe thầy nói .,Tích cực 😄,,,
thầy chỉ đến hỗ trợ khi sinh viên cần giúp .,Tiêu cực 😠,,,
thực hành .,,,,
thầy liên hệ thực tiễn rất tốt .,Tích cực 😄,,,
có .,,,,
môn mạng máy tính nên tăng cường thêm thời gian thực hành thay vì dạy nội dung môn học dạy quá nhiều lý thuyết dẫn đến gây khó hiểu cho sinh viên .,,Tiêu cực 😠,,
"thầy hướng dẫn tận tâm , nhiệt tình !",Tích cực 😄,,,
"khả năng truyền đạt tốt , thân thiện với sinh viên .",Tích cực 😄,,,
nên sắp xếp lịch thực hành phù hợp với tiến độ giảng dạy lý thuyết .,,Tiêu cực 😠,,
mong khoa đổi giảng viên cho môn này vào năm học sau .,Tiêu cực 😠,,,
"thầy rất nhiệt tình giảng dạy , cho dù ít sinh viên .",Tích cực 😄,,,
trang thiết bị nên được trang bị thường xuyên .,,,Tiêu cực 😠,
thầy lên lớp rất đúng giờ .,Tích cực 😄,,,
thường xuyên đi trễ và áp đặt sinh viên .,Tiêu cực 😠,,,
khó gần .,,,,
để thay đổi không khí và vừa nghỉ giải lao .,,Tiêu cực 😠,,
cuối buổi học thầy chia sẻ kinh nghiệm để tụi em có thể học tốt hơn .,Tích cực 😄,,,
"nhiệt tình với sinh viên , luôn đáp ứng và trả lời câu hỏi khi sinh viên thắc mắc .",Tích cực 😄,,,
"thầy chơi đểu em nhé , gọi em 2 lần làm em 1 con dấu nợ đấy !",Tích cực 😄,,,
sinh viên có nhiều môn học nên khó mà chỉ đầu tư quá nhiều cho một môn .,,Tiêu cực 😠,,
đa số các kiến thức của môn sinh viên phải tự học hoặc học hỏi lẫn nhau mà không có hướng dẫn .,,Tiêu cực 😠,,
"chương trình quá nặng , quá nhiều yêu cầu dễ bị quá tải .",,Tiêu cực 😠,,
nên biên soạn tài liệu tiếng việt đi kèm .,,Tiêu cực 😠,,
yêu cầu môn học thì mập mờ và thiếu thực tế .,,Tiêu cực 😠,,
thầy dạy đủ buổi .,Tích cực 😄,,,
"thầy dạy nhiệt tình , có sự tương tác giữa người dạy và học trong suốt quá trình học tập .",Tích cực 😄,,,
"thầy tâm lý , vui tính .",Tích cực 😄,,,
"các mục được đánh "" không ý kiến "" có nghĩa là em đồng ý với điều được hỏi , không ý kiến gì .",,,,
phòng quá nóng và chói làm máy chiếu bị mờ .,,,Tiêu cực 😠,
sử dụng giờ lên lớp chưa hợp lý .,Tiêu cực 😠,,,
thầy dạy hay cho nhiều bài tập .,Tích cực 😄,,,
"tận tình , giảng rõ ràng .",Tích cực 😄,,,
thầy rất tích cực trong quá trình giảng dạy .,Tích cực 😄,,,
khó tiếp cận nội dung vì slide toàn tiếng anh .,,Tiêu cực 😠,,
thầy vui tính nhiệt tình .,Tích cực 😄,,,
chưa giảng chi tiết những bài tập sinh viên không làm được .,Tiêu cực 😠,,,
"giảng viên nhiệt tình , giảng dễ hiểu .",Tích cực 😄,,,
"nội dung thực hành còn sơ sài , giảng viên chưa hướng dẫn , thông báo trước hay giảng giải về nội dung thực hành .",Tiêu cực 😠,Tiêu cực 😠,,
"thầy rất thương sinh viên , sẵn sàng nói lại kiến thức lý thuyết khi sinh viên chưa hiểu .",Tích cực 😄,,,
"nhiệt tình , truyền đạt tốt , hiệu quả .",Tích cực 😄,,,
"có thể ta sẽ tìm thấy được một phương pháp lập trình cho bài toán đó tối ưu hơn , hay hơn .",,,,
em rất thích cách dạy này !,Tích cực 😄,,,
"phòng lab kém , buổi đầu tiên không cài visual , buổi thứ 2 cũng không cài , buổi thứ 3 cũng vậy sinh viên không đi thực hành !",,,Tiêu cực 😠,
rất dễ hiểu .,Tích cực 😄,,,
"thầy dạy có tâm , nhiệt tình , chấm điểm công bằng .",Tích cực 😄,,,
"thầy dạy thêm nhiều kiến thức hay , chia sẻ cho lớp nhiều kinh nghiệm đã từng học và đi làm của thầy , em thấy rất hứng thú .",Tích cực 😄,,,
"không gian học thoải mái , giảng viên tận tâm , không tạo nhiều áp lực cho sinh viên .",Tiêu cực 😠,,,
cần nhắc nhở giáo viên này và khiển trách nhiều .,Tiêu cực 😠,,,
"giảng viên nhiệt tình , giảng dạy rõ ràng .",Tích cực 😄,,,
"giáo viên dạy dễ hiểu , thực hành tốt , kích thích tư duy sinh viên .",Tích cực 😄,,,
"giảng viên dạy quá nhanh , ít sửa bài tập .",Tiêu cực 😠,,,
chấm bài tập hoặc đồ án hơi gắt .,Tiêu cực 😠,Tiêu cực 😠,,
"cách dạy thuyết phục sinh viên , phù hợp với sinh viên .",Tích cực 😄,,,
"quy định rõ sinh viên phải học và làm gì ngay từ đầu học kỳ , tránh đầu học kỳ yêu cầu một kiểu , giữa kỳ lại đổi làm sinh viên khó theo kịp yêu cầu môn học .",,,,
thầy có phong cách giảng bài gần gũi với sinh viên .,Tích cực 😄,,,
giảng viên cho quá nhiều bài tập .,Tiêu cực 😠,,,
"dạy nhanh , giải bài tập nhanh , làm em không theo kịp .",Tiêu cực 😠,,,
giáo viên nhiệt huyết .,Tích cực 😄,,,
"nhiệt tình , tận tâm , vui tính .",Tích cực 😄,,,
"cần đưa ra các ứng dụng thực tiễn của môn học , giúp cho sinh viên có thể định hình được họ có thể làm được những gì khi kết thúc môn học , đồng thời có thể áp dụng kiến thức môn học để đáp ứng yêu cầu của thị trường lao động .",,Tiêu cực 😠,,
phòng học quá bé và thời lượng học quá ít .,,,Tiêu cực 😠,
"giảng viên dễ thương , truyền đạt kiến thức tốt , dễ hiểu .",Tích cực 😄,,,
cô chấm kỹ quá .,Tích cực 😄,,,
dạy quá số giờ quy định .,Tiêu cực 😠,,,
cô dạy rất tận tâm và dễ hiểu .,Tích cực 😄,,,
chưa tận tụy .,Tiêu cực 😠,,,
thu hút em học .,Tích cực 😄,,,
"nên cho nhiều ví dụ và bài tập về nhà , cung cấp tài liệu thêm cho các sinh viên muốn tìm hiểu thêm .",Tiêu cực 😠,Tiêu cực 😠,,
thời gian trên lớp không hiệu quả .,,,,
"giáo viên không có khả năng đứng lớp , bài giảng dở tệ .",Tiêu cực 😠,,,
nên có nhiều buổi kiểm tra trên lớp .,,Tiêu cực 😠,,
nên giảm số sinh viên trong 1 lớp .,,Tiêu cực 😠,,
thầy luôn tích cực trả lời thắc mắc của sinh viên trên moodle .,Tích cực 😄,,,
thầy có định hướng dạy rất tốt về công nghệ hiện tại .,Tích cực 😄,,,
giáo viên nói hơi nhỏ .,Tiêu cực 😠,,,
thầy cần sửa nhiều bài tập hơn nữa .,Tiêu cực 😠,,,
thực hành không cần phải lên phòng máy nhiều .,,,Tiêu cực 😠,
mong thầy yêu thương tất cả học trò của mình !,Tiêu cực 😠,,,
"nhiệt tình , luôn quan tâm các sinh viên trong mỗi buổi dạy .",Tích cực 😄,,,
"truyền đạt kiến thức còn quá lan man , thiếu ví dụ về hệ thống thực tế bên ngoài , truyền cảm hứng chưa tốt , chưa tạo được niềm vui cho sinh viên đến lớp .",Tiêu cực 😠,,,
"giảng dạy tận tình , không khí học tập thoải mái , vui vẻ .",Tích cực 😄,,,
"thầy chỉ đọc trên slide , ít có giảng nội dung ngoài .",Tiêu cực 😠,,,
nên có nhiều bài tập vận dụng thực tế vào thực hành .,,Tiêu cực 😠,,
sau đó mở vào giờ khuya lúc sinh viên đi ngủ .,Tiêu cực 😠,,,
bài tập chất lượng .,,Tích cực 😄,,
"tuy có một số phần khó nhưng thầy giảng và làm ví dụ rất dễ hiểu , có một tiết thầy giảng bằng tiếng anh rất hay .",Tiêu cực 😠,,,
"bài giảng được cung cấp đầy đủ , hữu ích .",,Tích cực 😄,,
"trẻ , có nhiều cái mới , hay .",Tích cực 😄,,,
mong cô tiếp tục dạy như vậy nữa .,Tiêu cực 😠,,,
giảng viên nên cho bài tập thường xuyên tuần nào cũng phải trả bài .,Tiêu cực 😠,,,
cô dạy hay nhiệt tình và dễ hiểu .,Tích cực 😄,,,
"giảng kỹ , giảng nhiều phần nâng cao .",Tích cực 😄,,,
giảng viên hướng dẫn sinh động .,Tích cực 😄,,,
nên để ngày học thực hành chung ngày với lý thuyết .,,Tiêu cực 😠,,
thầy rất nhiệt tình và tận tâm với sinh viên !,Tích cực 😄,,,
thời khóa biểu thực hành cần sắp xếp hợp lý so với giờ học lý thuyết .,,Tiêu cực 😠,,
cô dạy rất nhiệt tình và quan tâm đến sinh viên .,Tích cực 😄,,,
giảng viên giảng tận tình .,Tích cực 😄,,,
giáo viên không đến lớp bữa nào nên em không biết nhận xét .,Tiêu cực 😠,,,
vô cùng tuyệt vời .,Tích cực 😄,,,
"thầy dạy hơi nhanh , một vài chỗ lướt hơi nhanh .",Tiêu cực 😠,,,
thầy dạy nhiệt tình dễ hiểu .,Tích cực 😄,,,
giáo viên tận tình mặc dù nhiều sinh viên còn lơ là .,Tích cực 😄,,,
môn học khá nhẹ nhàng cho sinh viên .,,Tích cực 😄,,
máy tính trong phòng thực hành không được tốt cho lắm .,,,Tiêu cực 😠,
"phòng máy nên đầu tư đồng bộ một chút , tránh hiện tượng các máy là khác nhau .",,,Tiêu cực 😠,
thầy dạy đủ để thi .,Tích cực 😄,,,
mong phòng đào tạo xem xét để khóa sau học được chất lượng ạ .,,Tiêu cực 😠,,
lớp trưởng trách nhiệm kém .,,,,
"cô dạy rất hay , vui tính và dễ hiểu .",Tích cực 😄,,,
em rất hài lòng về cách dạy của thầy trong môi trường đại học .,Tích cực 😄,,,
"thầy tận tâm , nhiệt tình với học sinh .",Tích cực 😄,,,
thầy hướng dẫn thực hành rất không tốt .,Tích cực 😄,,,
"phương pháp giảng dạy phù hợp , giải quyết thắc mắc nhanh chóng .",Tích cực 😄,,,
cần cải thiện tốc độ mạng .,,,,
thầy hơi khó chịu .,Tiêu cực 😠,,,
chưa tổng quát .,Tiêu cực 😠,,,
"chỉ được thực hành hai buổi thi vì vậy không vận dụng tốt kiến thức đã học , không đảm bảo số buổi như lúc bắt đầu đã thỏa thuận .",,Tiêu cực 😠,,
khuôn khổ bài học chưa truyền được cảm hứng cho sinh viên .,Tiêu cực 😠,Tiêu cực 😠,,
đề nghị giảng viên chuẩn bị tốt bài giảng .,Tiêu cực 😠,,,
cô rất nhiệt tình và tận tâm với sinh viên !,Tích cực 😄,,,
"giáo viên nhiệt tình , có trách nhiệm , truyền đạt dễ giểu .",Tích cực 😄,,,
được tiếp xúc môi trường thực tế ở các công ty .,,Tích cực 😄,Tiêu cực 😠,
thầy rất vui tính và dễ gần .,Tích cực 😄,,,
giảng kỹ và chi tiết .,Tích cực 😄,,,
giáo viên hướng dẫn tận tâm .,Tích cực 😄,,,
"em thấy giáo viên dạy dễ hiểu , tận tình .",Tích cực 😄,,,
giọng nói dễ nghe .,Tích cực 😄,,,
một số vấn đề còn khó hiểu .,,,,
giảng viên vui tính nhiệt tình .,Tích cực 😄,,,
"thầy giảng hơi khó hiểu , giọng đều đều buồn ngủ .",Tiêu cực 😠,,,
cần định hướng tạo điều kiện cho sinh viên giao lưu các doanh nghiệp để biết được yêu cầu của họ về một người kỹ sư .,Tiêu cực 😠,,,
"giàu kinh nghiệm , dễ hiểu , dẫn chứng cụ thể .",Tích cực 😄,,,
em nhớ nhất câu phải có sự đấu tranh mới phát triển .,,,,
"không kiểm soát được lớp , không tận tâm chuẩn bị trước khi lên lớp .",Tiêu cực 😠,,,
giáo viên đúng giờ .,Tích cực 😄,,,
cô dạy nhiệt tình nhưng hơi nhanh .,Tiêu cực 😠,,,
em nghĩ thầy nên cho nhiều bài tập về nhà hơn .,Tiêu cực 😠,,,
"bám không sát đề thi , lan man .",,Tiêu cực 😠,,
không có đề cương trên khoá học .,,Tiêu cực 😠,,
giảng viên nên thông báo hình thức ra đề đề mở hay đề đóng để sinh viên biết và chuẩn bị tài liệu để bài kiểm tra có kết quả tốt hơn .,Tiêu cực 😠,,,
đặc biệt là tránh để thời gian chết .,,,,
giảng viên hơi khó tính .,Tiêu cực 😠,,,
"thầy dạy tận tâm , nhiệt tình , truyển đạt dễ hiểu .",Tích cực 😄,,,
"thầy dạy rất kỹ và chi tiết , rất quan tâm đến học sinh .",Tích cực 😄,,,
ít cho học sinh luyện kỹ năng nghe nói .,Tiêu cực 😠,,,
giảng viên nên giảng chậm lại và phân tích trọng tâm từng đề mục của bài học .,Tiêu cực 😠,,,
funny .,,,,
quá nhiều lý thuyết khiến sinh viên không tiếp thu kịp vào không biết cách vận dụng .,,Tiêu cực 😠,,
mong thầy đổi phương pháp dạy và cách phản biện với sinh viên .,Tiêu cực 😠,,,
em nghĩ là nhà trường không nên tổ chức học thực hành .,,Tiêu cực 😠,,
sự cố này kéo dài hơn một tháng mới chấm dứt .,,Tiêu cực 😠,,
"cô giáo rất tích cực trong giảng dạy , truyền đạt kiến thức tới sinh viên rất hay .",Tích cực 😄,,,
cần thực hành thêm nhiều bài tập .,,Tiêu cực 😠,,
giúp cho sinh viên tập trung vào thiết kế mạng phù hợp với mục đích môn học .,,,,
giảng viên giải đáp các thắc mắc tại lớp tận tình .,Tích cực 😄,,,
thay vì cho làm kiểm tra wecode thì cho làm trên lớp thuận tiện hơn .,,Tiêu cực 😠,,
"nói to , rõ .",Tích cực 😄,,,
thiếu sự giảng dạy và khả năng truyền đạt không hiệu quả .,Tiêu cực 😠,,,
"hướng dẫn làm đồ án còn chưa rõ ràng , chưa hướng dẫn cho sinh viên một cách cụ thể về các kỹ năng đứng trước đám đông .",Tiêu cực 😠,,,
"các bài giảng khó tiếp thu , hiểu được .",,Tiêu cực 😠,,
thầy dạy vui tính .,Tích cực 😄,,,
thầy dạy được .,Tích cực 😄,,,
nhà trường nên giúp đỡ thầy trong việc giảng dạy vì môn này không đúng chuyên môn của thầy .,,,,
cung cấp nhiều kiến thức mở rộng hữu ích .,Tích cực 😄,,,
"giảng viên rất nhiệt tình , tạo mọi điều kiện cho sinh viên hoàn thành tốt môn học .",Tích cực 😄,,,
thầy rất nhiệt tình trong việc giảng dạy và hướng dẫn sinh viên .,Tích cực 😄,,,
cách truyền đạt của cô khá khó hiểu .,Tiêu cực 😠,,,
"nhiệt tình , giảng dạy chi tiết cụ thể .",Tích cực 😄,,,
"thầy biết sâu rộng và có nhiều chủ đề giảng mang tính thực tiễn , thực tế bên cạnh việc giảng dạy môn giải tích .",Tích cực 😄,,,
"giảng viên không hướng dẫn thực hành , vào phòng thực hành làm các bài lab và nộp , không có sự hướng dẫn , sinh viên nào chưa hiểu giảng viên yêu cầu đến lớp lý thuyết để hỏi vào phòng thực hành , giảng viên ngồi trên máy tính , sinh viên bên dưới làm gì tùy thích , đến hạn nộp lab xem như hoàn thành !",Tiêu cực 😠,,,
thầy dạy dễ hiểu và dễ tiếp thu .,Tích cực 😄,,,
em mong muốn thầy phân bổ thời gian dạy hợp lý hơn .,Tiêu cực 😠,,,
nên thu nhỏ lớp học lại .,Tiêu cực 😠,,,
thường xuyên cho bài tập về nhà .,Tích cực 😄,,,
"giáo viên nên liên hệ với giáo viên lý thuyết , để có nội dung thực hành sát với nội dung giảng dạy trên lớp .",Tiêu cực 😠,,,
thầy dạy nhiệt tình bài tập và slide hay .,Tích cực 😄,,,
thực tiễn .,,,,
"thầy giáo nhiệt tình , tận tâm .",Tích cực 😄,,,
mong phòng đào tạo không sắp cho thầy dạy lớp em nữa .,,Tiêu cực 😠,,
"giảng viên nhiệt tình giảng dạy , giúp đỡ sinh viên rất nhiều .",Tích cực 😄,,,
"tận tâm , kỹ lưỡng .",Tích cực 😄,,,
"lên báo cáo thì "" đuổi về "" , thái độ với sinh viên quá là tệ .",Tiêu cực 😠,,,
mong thầy cô xem lại mức độ ra bài tập hoặc đưa ra hướng dẫn cụ thể hơn dành cho sinh viên .,Tiêu cực 😠,,,
nên điều chỉnh môn này thời gian nhiều hơn .,,Tiêu cực 😠,,
nội dung dạy không hấp dẫn !,,,,
rất hay và quá hay .,Tích cực 😄,,,
thầy nên giảng chậm lại để học sinh dễ hiểu hơn và cho nhiều bài tập để học sinh có thể áp dụng được .,Tiêu cực 😠,,,
học patin vui .,,,,
"cách trình bày , diễn đạt kiến thức chưa được tốt .",Tiêu cực 😠,,,
cải thiện tốc dộ mạng .,,,,
"giảng viên dạy dễ tiếp thu , nhiệt tình .",Tích cực 😄,,,
"thầy giảng bài rất tận tâm , dễ hiểu , nhưng tiết dạy kéo dài rất ngắn .",Tích cực 😄,,,
"giảng dạy dễ hiểu , cuốn hút sinh viên !",Tích cực 😄,,,
"giảng viên dạy nhiệt tình , chu đáo , tận tâm , tạo mọi điều kiện cho sinh viên phát triển kỹ năng suy luận .",Tích cực 😄,,,
giảng nhanh .,Tiêu cực 😠,,,
"hiểu được sơ lược về một hệ điều hành , biết được một số thuật toán cần thiết của môn học .",,Tiêu cực 😠,,
cho làm bài tập nhiều hơn nữa .,Tiêu cực 😠,,,
cô giáo dạy hay .,Tích cực 😄,,,
cách dạy khoa học .,Tích cực 😄,,,
dạy vui vẻ va nhiệt tình .,Tích cực 😄,,,
"giảng viên nhiệt tình , tận tình giải thích khi sinh viên thắc mắc .",Tích cực 😄,,,
chưa đảm bảo thời gian lên lớp .,Tiêu cực 😠,,,
cần tài liệu chính thức cho phần lý thuyết hơn nữa .,,Tiêu cực 😠,,
"cô dạy kiến thức còn sư phạm , khó áp dụng thực tế .",Tiêu cực 😠,,,
cần trang bị thêm các rèm che cho các phòng học ở dãy nhà c nhằm tránh tình trạng không thấy rõ máy chiếu .,,,Tiêu cực 😠,
hỗ trợ nhiều bài tập giúp nâng cao trình độ .,Tích cực 😄,,,
"gần gũi , hoà đồng , vui tính .",Tích cực 😄,,,
đây là môn đầu tiên học thầy và cũng nghe mọi người nói thầy dạy và chấm điểm khó .,Tiêu cực 😠,,,
dễ tính .,,,,
"có một nhóm seminar và mỗi tuần có một nhóm thực hiện thuyết trình , bên cạnh đó khoảng 2 - 3 tuần đầu học kỳ là giáo viên nghỉ dạy , thế nên hầu như là tuần nào cũng có seminar và cách giảng dạy của giảng viên là như trên .",Tiêu cực 😠,,,
nên tăng cường các kỹ năng nghe và nói cho sinh viên .,,Tiêu cực 😠,,
"giảng viên tận tâm , nhiệt tình với sinh viên .",Tích cực 😄,,,
"thầy dạy tận tình , khá rõ ràng .",Tích cực 😄,,,
đảm bảo giờ lên lớp .,Tích cực 😄,,,
nhiệt tình tận tâm .,Tích cực 😄,,,
giảng viên dạy được .,Tích cực 😄,,,
em cảm ơn thầy nhiều ạ .,Tích cực 😄,,,
giáo viên thân thiện .,Tích cực 😄,,,
môn học nên có thêm phần ví dụ về áp dụng thực tiễn .,,Tiêu cực 😠,,
"học tập thoải mái , không áp lực .",,,,
"nâng cao trang thiết bị phòng học doubledot máy chiếu , quạt , ổ điện .",,,Tiêu cực 😠,
"thầy giảng dạy nhiệt tình , hiệu quả .",Tích cực 😄,,,
em xin đóng góp là giáo viên dạy thực hành và giáo viên dạy lý thuyết cần có sự trao đổi với nhau để có sự thống nhất trong nội dung bài học cho sinh viên .,Tiêu cực 😠,,,
"hay đi trễ , giảng buồn ngủ .",Tiêu cực 😠,,,
"bài tập thầy cho quá dễ và không có tính bắt buộc nên sinh viên hay "" ngó lơ "" , lần sau thầy cứ trừ điểm quá trình là mấy bạn tự khắc làm liền à colonbigsmile .",Tiêu cực 😠,Tiêu cực 😠,,
"cách giảng bài khó hiểu , vòng vèo , không theo chủ đề .",Tiêu cực 😠,,,
phần speaking rất dễ hiểu .,Tích cực 😄,,,
tiếng anh chuẩn .,,,,
phương pháp giảng dạy hay .,Tích cực 😄,,,
"tận tình với sinh viên , dạy tốt .",Tích cực 😄,,,
"cô dạy rất nhiệt tình , bài giải đầy đủ !",Tích cực 😄,,,
thầy biết lắng nghe ý kiến từ học sinh .,Tích cực 😄,,,
giảng viên cần có tâm hơn .,Tiêu cực 😠,,,
truyền đạt khó hiểu .,Tiêu cực 😠,,,
nhanh .,,,,
thầy dạy thiếu nhiệt tình .,Tiêu cực 😠,,,
không up tài liệu lên courses .,Tiêu cực 😠,,,
"thầy nhiệt tình tận tâm , đề cập thực tế và các phương pháp học dễ hiểu .",Tích cực 😄,,,
ví dụ không thực tiễn .,,,,
"thầy giảng rất dễ hiểu , hay , có tài liệu rõ ràng , đồng thời có kèm theo bài tập để luyện tập .",Tích cực 😄,,,
cái này là bức xúc với cách xếp lịch học chứ không hề có vấn đề gì với giảng viên .,Tiêu cực 😠,,,
môn học rất là hữu ích .,,Tích cực 😄,,
tma qua dạy làm cho thầy thiếu thời gian nhưng hầu như thầy dậy rất kỹ .,Tiêu cực 😠,,,
"giảng dễ hiểu , thu hút , hấp dẫn .",Tích cực 😄,,,
giảng viên giảng nhanh .,Tiêu cực 😠,,,
nên dùng giáo trình tập trung kỹ năng nghe nói nhiều hơn .,,Tiêu cực 😠,,
"dạy có tâm huyết với sinh viên , giảng và hướng dẫn làm bài tập tốt .",Tích cực 😄,,,
"thầy tận tâm , vui tính .",Tích cực 😄,,,
thầy cần xem rõ cách dạy trên lớp .,Tiêu cực 😠,,,
thầy đưa ra những tinh huống thực tế rất hay .,Tích cực 😄,,,
"thiết bị phòng lab cũ , chưa đáp ứng được yêu cầu thực hành .",,,Tiêu cực 😠,
"phòng thực hành kém chật lượng , quá nhỏ , nhiều bạn thực hành phải làm bài tập bên ngoài hành lang rồi mới vào trong chấm được .",,,Tiêu cực 😠,
"thầy rất vui , cực kỳ nhiệt tình .",Tích cực 😄,,,
thầy thường hay cho nghỉ .,Tiêu cực 😠,,,
kiến thức môn học nhàm chán .,,Tiêu cực 😠,,
thầy nghiêm khắc và nhiệt tình .,Tích cực 😄,,,
chữ viết khá nhỏ .,Tiêu cực 😠,,,
đôi lúc nói nhanh nghe không kịp .,Tiêu cực 😠,,,
"giảng viên vui tính , có tâm huyết .",Tích cực 😄,,,
điểm danh quá nhiều .,,,,
nâng cao thiết bị giảng dạy .,,,Tiêu cực 😠,
buổi thực hành giáo viên không đi buổi nào .,Tiêu cực 😠,Tiêu cực 😠,,
nhiều hoạt động giao lưu với học sinh .,Tích cực 😄,,,
giảng viên giảng dạy khá nhanh khiền nhiều sinh viên không theo kịp đặc biệt là phần lý thuyết .,Tiêu cực 😠,,,
em không học giáo viên này ạ !,,,,
"tóm lại , đồ án cuối kỳ không nên đánh giá phần nội dung vì đề bài đã không thiết thực thì không thể nào bắt sinh viên làm đạt yêu cầu được .",,Tiêu cực 😠,,
"thời gian thực hành quá ít , phân bổ không phù hợp .",,Tiêu cực 😠,,
"giáo viên tận tình , giảng bài dễ hiểu dễ tiếp thu .",Tích cực 😄,,,
chỉ dẫn làm bài chưa hiệu quả cho sinh viên .,Tiêu cực 😠,,,
"thông báo học quá trễ , qua kỳ thi giữa kỳ 2 - 3 tuần mới có thông báo học buổi học thực hành đầu tiên .",,Tiêu cực 😠,,
"không ý kiến , môn học rất tốt .",,,,
đề nghị nhà trường nâng cấp .,,,Tiêu cực 😠,
hơi đi sâu vấn đề khác ( lạc đề ) .,Tiêu cực 😠,,,
có các bài tập hay bài kiểm tra đánh giá kiến thức theo từng tuần .,,Tích cực 😄,,
"thầy cho nghỉ thường xuyên , nhưng không báo trên hệ thống của trường mà toàn thông báo trên facebook của thầy .",Tiêu cực 😠,,,
"phòng học quá nóng , xin nhà trường trang bị thêm quạt cho các phòng học dãy c .",,,Tiêu cực 😠,
thầy đến lớp trễ và nghỉ nhưng không báo trước .,Tiêu cực 😠,,,
sửa và giảng bài khá nhanh .,Tiêu cực 😠,,,
giáo viên thực hành và lý thuyết nên liên hệ với nhau để hỗ trợ sinh viên tốt hơn trong việc học .,Tiêu cực 😠,,,
thầy nói tiếng anh sinh viên cũng khó hình dung được câu nói ( phát âm ) .,Tiêu cực 😠,,,
"giảng quá nhanh và quá phức tạp trong một buổi học , không giải bài tập hoặc ví dụ mẫu bao giờ , nên sinh viên khó lòng làm được các hình thức bài tập mới và khó .",Tiêu cực 😠,,,
"thầy rất nhiệt tình hay , thầy đưa nhiều ví dụ mẫu cho sinh viên dễ hiểu và luôn có đề mẫu làm thử khi gần thi giữa kỳ và cuối kỳ .",Tích cực 😄,,,
"lôi cuốn , thú vị , biết thêm nhiều kiến thức lạ , có tính áp dụng cao .",Tích cực 😄,,,
đề nghị giảng viên nên sử dụng hệ thống moodle nhiều hơn !,Tiêu cực 😠,,,
thầy dạy chưa đúng giờ .,Tiêu cực 😠,,,
nên lắng nghe ý kiến của sinh viên nhiều hơn .,Tiêu cực 😠,,,
tận tâm và nhiệt huyết .,Tích cực 😄,,,
có chuyên môn cao .,,,,
"giảng dạy nhiệt tình , đảm bảo kiến thức chuyên sâu .",Tích cực 😄,,,
"thầy dạy không nhiệt tình , cứ chiếu slide rồi cho sinh viên chép .",Tiêu cực 😠,,,
cô giảng quá nhanh .,Tiêu cực 😠,,,
sự nhiệt tình của giáo viên .,Tích cực 😄,,,
thầy hiểu học sinh cần đạt được kiến thức gì trong học kỳ đầu và tạo điều kiện để học sinh học tập .,Tiêu cực 😠,,,
"nhiệt tình , vui tính !",Tích cực 😄,,,
giáo viên giúp đỡ học sinh rất nhiều .,Tích cực 😄,,,
"nhiệt tình , tâm huyết với học sinh .",Tích cực 😄,,,
lịch học phân trùng thời gian sinh viên không thể tham gia học thực hành .,,Tiêu cực 😠,,
đó là hệ thống máy thực hành còn kém .,,,Tiêu cực 😠,
giáo trình tiếng anh .,,,,
"thầy dạy rất hay , nhiệt tình , dễ hiểu .",Tích cực 😄,,,
"thầy rất tận tình , cho bài tập rất nhiều , mở rộng nhiều kiến thức cho sinh viên .",Tích cực 😄,,,
thầy có liên hệ với thực tế khiến bài học dễ tiếp thu hơn .,Tích cực 😄,,,
"chương trình dạy hơi khó hiểu , khó tiếp thu và hơi ít bài tập để ôn luyện cho học sinh .",Tiêu cực 😠,Tiêu cực 😠,,
em cảm thấy hứng thú trong tiết học của thầy .,Tích cực 😄,,,
"không khí thoải mái , không bị gò bó về vấn đề bài tập , không bị áp lực .",Tiêu cực 😠,,,
đôi khi dạy hơi nhanh khiến học sinh hơi hoang mang .,Tiêu cực 😠,,,
"hơi lan man , không đi vào trọng tâm .",Tiêu cực 😠,,,
cần có biện pháp để có thể đánh giá phù hợp với thực lực của sinh viên hơn .,,Tiêu cực 😠,,
"giảng viên truyền đạt tốt , liên hệ nhiều kiến thức bên ngoài .",Tích cực 😄,,,
"cô rất nhiệt tình , vui tính .",Tích cực 😄,,,
"thầy giảng dạy nhiệt tình , và dễ hiểu .",Tích cực 😄,,,
lượng kiến thức cho phần kiểm tra đánh giá kết quả học tập tràn lan .,,Tiêu cực 😠,,
giảng viên phân tích rõ một vài vấn đề giúp hiểu rõ hơn về các ngành fraction khoa .,Tích cực 😄,,,
"giảng viên dạy đầy đủ , đúng giờ .",Tích cực 😄,,,
giảng viên luyện nói rất hiệu quả .,Tích cực 😄,,,
cần chuẩn bị thêm trang thiết bị để hỗ trợ kịp thời trong học tập và thực hành .,,,Tiêu cực 😠,
bài tập hay và cụ thể .,,Tích cực 😄,,
"môn tốt nghiệp mà thấy chỉ cho các nhóm thuyết trình xong điểm danh , thầy còn không ý kiến về cả bài thuyết trình .",Tiêu cực 😠,,,
"cô dạy rất nhiệt tình , tận tâm và chu đáo .",Tích cực 😄,,,
"mơ hồ , không chi tiết .",,Tiêu cực 😠,,
nói chung again 10 fraction 10 .,,,,
thời gian .,,,,
thầy dạy chưa đúng với thời gian biểu .,Tiêu cực 😠,,,
"cần có giáo trình với nhiều ví dụ rõ ràng hơn , hiện tại quá ít ví dụ để sinh viên tự học theo .",,Tiêu cực 😠,,
"slide bài giảng , bài tập đầy đủ .",,Tích cực 😄,,
nhưng lại ra đề rất khó .,Tiêu cực 😠,,,
thầy hơi nóng tính .,Tiêu cực 😠,,,
phương pháp giảng dạy gây nhàm chán .,Tiêu cực 😠,,,
"giảng viên lên lớp đúng giờ , chấm điểm công bằng , có những hình thức để khuyến khích sinh viên đến lớp .",Tích cực 😄,,,
"giảng viên nhiệt tình , tận tâm với công việc , slide dễ hiểu .",Tích cực 😄,,,
ít bài tập ôn tập .,,Tiêu cực 😠,,
ít trao đổi với lớp .,,,,
hoạt động seminar chưa tốt .,Tiêu cực 😠,,,
không có tài liệu cụ thể .,,Tiêu cực 😠,,
thầy dễ thương !,Tích cực 😄,,,
quá trình giảng dạy rất dễ hiểu .,Tích cực 😄,,,
dạy nghiêm túc .,Tích cực 😄,,,
cô giảng dễ hiểu .,Tích cực 😄,,,
tổng quan môn học này không đúc kết được gì nhiều dù cho giảng viên có kiến thức tốt .,,,,
giảng viên không đảm bảo giờ lên lớp .,Tiêu cực 😠,,,
"thầy giảng rất hay , rất tận tâm , luôn dạy quá tiết , luôn trả lời thắc mắc của sinh viên .",Tích cực 😄,,,
chú trọng giao tiếp .,,,,
giảng viên giảng dạy tận tâm nhiệt tình và chu đáo .,Tích cực 😄,,,
thầy nên cho làm nhiều bài tập hơn .,Tiêu cực 😠,,,
giang viên quá cứng nhắc .,Tiêu cực 😠,,,
trong khi đề thi lại có 50% bài tập .,,Tiêu cực 😠,,
thầy cung cấp đủ các tài liệu giảng dạy .,Tích cực 😄,,,
"mọi thứ đều tốt , mong thầy chia sẻ thật nhiều kinh nghiệm hơn nữa cho tụi em .",Tiêu cực 😠,,,
"học tập bằng việc ghi trên bảng , khá thú vị .",,Tích cực 😄,,
đảm báo giờ lên lớp và kiến thức .,Tích cực 😄,,,
thầy giảng dạy hay và dễ hiểu .,Tích cực 😄,,,
thêm các ví dụ minh họa để sinh viên dễ hiểu hơn về môn học .,,Tiêu cực 😠,,
"phòng học quá gần khu thi công , ồn ào , mất tập trung .",,,Tiêu cực 😠,
tận tình giúp đỡ các bạn sinh viên .,Tích cực 😄,,,
"thầy dạy rất tận tình , dễ hiểu .",Tích cực 😄,,,
"cô vui tính , dạy nhiệt tình .",Tích cực 😄,,,
ví dụ trường hợp có hai lớp thực hành cách nhau một tuần nhưng lại cho ra một deadline bài tập cùng một thời điểm .,,,,
nên dạy lý thuyết trước rồi thực hành sau .,Tiêu cực 😠,,,
thấy dạy rất hay nhiệt tình .,Tích cực 😄,,,
bài tập .,,Tích cực 😄,,
cô nhiệt tình giải bài tập để sinh viên hiểu lý thuyết kỹ hơn .,Tích cực 😄,,,
sĩ số sinh viên trong lớp quá đông với lại nhiều sinh viên nhiều ngành khác nhau học nên chất lượng buổi học không tốt .,,Tiêu cực 😠,,
dạy cách học hiểu vấn đề chứ không học vẹt .,Tiêu cực 😠,,,
thầy dạy hay và tốt với em .,Tích cực 😄,,,
sự nhiệt tình của cô .,Tích cực 😄,,,
giảng dạy vui vẻ .,Tích cực 😄,,,
rất tận tâm .,Tích cực 😄,,,
"nhìn cô dễ thương , giọng cô nghe rất ngọt .",Tích cực 😄,,,
"cô vui , nhiệt tình , hướng dẫn tận tâm , thân thiện .",Tích cực 😄,,,
bài tập cực kỳ khó .,,Tiêu cực 😠,,
"vui tính , dạy dễ hiểu , đảm bảo tiết học lý thuyết và làm bài tập trên lớp .",Tích cực 😄,,,
"các bài giảng của giáo viên dễ hiểu và dễ tiếp thu , phương pháp dạy vui vẻ và nhiệt tình .",Tích cực 😄,,,
"tổng hợp ôn tập tốt , cô giáo nhiệt tinh .",Tích cực 😄,,,
"thầy dạy rất tốt , đầy đủ về nội dung .",Tích cực 😄,,,
rất hài lòng về tất cả hoạt động giảng dạy .,Tích cực 😄,,,
thầy dạy rất tận tâm và thương sinh viên .,Tích cực 😄,,,
"giờ giấc giảng dạy không đảm bảo , giảng viên hay vắng mặt không báo trước , không up tài liệu giảng dạy lên moodle .",Tiêu cực 😠,,,
"dạy dễ hiểu , dễ gần .",Tích cực 😄,,,
ngoài ra còn nói về một số kiến thức thực tế liên quan đến môn học .,,,,
"thầy giảng bài rất dễ hiểu , bên cạnh đó còn có các câu chuyện của cuộc sống rất ý nghĩa , mong được học nhiều môn thầy dạy !",Tích cực 😄,,,
khó tiếp thu .,,,,
"giảng viên dạy tương đối dễ hiểu , có nhiều ví dụ minh họa cụ thể .",Tích cực 😄,,,
"bài giảng của cô khá trừu tượng , nếu cô có thêm vài ví dụ rõ ràng hơn , thì chúng em sẽ hiểu bài hơn .",Tiêu cực 😠,,,
"thầy dạy khá sát thực tiễn , bài tập nhiều , hay .",Tích cực 😄,,,
"phương pháp giảng dạy hiệu quả , giúp cho sinh viên hiểu rõ được vấn đề .",Tích cực 😄,,,
em nghĩ môn học không cần thiết ạ !,,Tiêu cực 😠,,
cần có thêm nhiều tiết bài tập .,,Tiêu cực 😠,,
bài tập thực hành khá nặng so với lý thuyết tại cùng một thời điểm .,,Tiêu cực 😠,,
"không nên chia giờ học kiểu 2 tiết 1 buổi , như vậy thời lượng học mỗi buổi quá ít , gây gián đoạn cho việc giảng dạy .",Tiêu cực 😠,Tiêu cực 😠,,
"giảng bài dễ hiểu , dễ tiếp thu .",Tích cực 😄,,,
không có gì để không hài lòng .,,,,Tiêu cực 😠
chương trình nên cập nhật thường xuyên để phù hợp hơn với thực tế .,,Tiêu cực 😠,,
"giáo viên vui vẻ , thân thiện .",Tích cực 😄,,,
"tận tâm , nhiệt tình và hay liên hệ thực tiễn .",Tích cực 😄,,,
"cô dạy rất dễ hiểu , tận tình hướng dẫn học sinh .",Tích cực 😄,,,
lớp em học thì máy hay có sự cố .,,,Tiêu cực 😠,
"cô vui vẻ , nhiệt tình , hòa đồng .",Tích cực 😄,,,
thầy cần có nhiều phương pháp giảng dạy hay hơn !,Tiêu cực 😠,,,
"cô dạy tốt tận tình , tài liệu đầy đủ .",Tích cực 😄,,,
"thầy vui tính , nhiệt tình với sinh viên .",Tích cực 😄,,,
giảng viên cần nói nhiều hơn khi dạy .,Tiêu cực 😠,,,
nên có hướng dẫn chi tiết .,Tiêu cực 😠,,,
"giảng viên nhiệt tình , kỹ năng truyền đạt tốt .",Tích cực 😄,,,
"đầu tư vật chất , có nhiều hoạt đông thú vị .",,,Tiêu cực 😠,
nên giảng dạy phương pháp làm bài trước khi đưa ra bài tập .,Tiêu cực 😠,,,
"khoa wzjwz10 với số lượng sinh viên khá đông mà đôi khi lại có thêm những bạn từ khoa khác vào học , nên giảng đường 2 trở nên đông kín .",,Tiêu cực 😠,,
với lại môn học này dạy quá chán .,,Tiêu cực 😠,,
"thầy vui tính , giảng bài hấp dẫn , mới mẻ .",Tích cực 😄,,,
"khi báo cáo đồ án cuối kỳ , thì do sự phân công , và trong một nhóm thì ai cũng có điểm yếu và điểm mạnh nên mới tạo thành một nhóm để giúp đỡ nhau , nhưng thầy làm khó các thành viên .",Tiêu cực 😠,,,
giảng viên tận tình giúp đỡ sinh viên .,Tích cực 😄,,,
thầy rất quan tâm sinh viên luôn cho điểm đúng thực lực .,Tích cực 😄,,,
nhưng em nghĩ thời gian và phòng học nên cố định hơn và được thông báo rõ ràng .,,,Tiêu cực 😠,
"vui vẻ , nhiệt tình , tận tụy .",Tích cực 😄,,,
giải đáp thắc mắc của sinh viên nhanh chóng .,Tích cực 😄,,,
bài giảng mang tính thực tiễn và ứng dụng cao .,,Tích cực 😄,,
"đưa ra ít ví dụ về những trường hợp đặc biệt cần phải lưu ý , nên dành nhiều thời gian cho những phần quan trọng , đưa ra ví dụ song song với việc demo trực tiếp trên máy tính trong lúc giảng dạy như vậy hiệu quả giảng dạy sẽ tốt hơn .",Tiêu cực 😠,,,
dạy học .,Tích cực 😄,,,
em rất mong phòng đào tạo cho em biết được tên giảng viên khi đăng ký môn học để sau nay em còn đc học thầy wzjwz155 .,Tiêu cực 😠,,,
"cô vui tính , tận tình và cách giảng giải dễ hiểu .",Tích cực 😄,,,
"đúng giờ , giảng bài kỹ .",Tích cực 😄,,,
chưa giới thiệu cụ thể các tài liệu cho sinh viên đọc thêm .,Tiêu cực 😠,Tiêu cực 😠,,
ứng dụng thực tế vô giảng dạy .,,Tiêu cực 😠,,
"dạy sát chương trình thi , nhiệt tình .",Tích cực 😄,,,
tổ chức quá nhiều hoạt động thừa trên lớp không phù hợp với trình độ của sinh viên .,,Tiêu cực 😠,,
thầy cho thuyết trình làm đồ án theo nhóm nên giúp em có khả nang truyền đạt kỹ năng work group nâng cao .,Tiêu cực 😠,,,
"thầy dạy nhiệt tình , cho làm nhiều bài tập để hiểu sâu và có khả năng vận dụng được kiến thức .",Tích cực 😄,,,
giáo viên giảng dạy dễ hiểu .,Tích cực 😄,,,
em có góp ý với thầy ở vấn đề thuyết trình lấy điểm giữa kỳ doubledot một số bạn trình bày về công nghệ hay kỹ thuật rất hay nhưng do cách trình bày nên các bạn ở dưới chưa hiểu lắm .,Tiêu cực 😠,,,
"thầy wzjwz184 dạy hay , dễ hiểu , truyền đạ nhiều kiến thức chuyên môn lẫn kiến thức cuộc sống , đi làm cho sinh viên , có nhiều lời khuyên .",Tích cực 😄,,,
"môn lập trình mạng căn bản sử dụng ngôn ngữ csharp nhưng trước đó nhà trường không đề xuất cho sinh viên học môn này trước , gây nhiều khó khăn cho sinh viên khi học môn mới .",,Tiêu cực 😠,,
cô nên thêm nhiều bài tập áp dụng lý thuyết hơn .,Tiêu cực 😠,,,
còn nhiều slide .,Tiêu cực 😠,,,
tăng chất lượng các thiết bị phục vụ giảng dạy .,,,Tiêu cực 😠,
đôi lúc đi trễ tầm 30 phút .,Tiêu cực 😠,,,
"giảng viên thực hành nên hướng dẫn sinh viên thực hành một cách cụ thể , không nên ngồi làm việc riêng rồi khi sinh viên gọi hỏi thì lại tỏ thái độ khó chịu .",Tiêu cực 😠,,,
"thầy đưa ra những dạng bài hay , bao quát kiến thức cho sinh viên .",Tích cực 😄,,,
sau khi qua môn này chắc sẽ không học thầy nữa .,Tiêu cực 😠,,,
"giữa kỳ cộng max là 4 điểm , rồi lại cộng tiếp cho quá trình , giờ thì lại điểm quá trình tính trong 1 bài , không làm được , ít điểm cộng thì đành chịu .",,Tiêu cực 😠,,
nâng cao trang thiết bị phòng học doubledot quạt .,,,Tiêu cực 😠,
điều này tạo cho sinh viên sự chủ động trong học tập .,,,,
nhưng có một vấn đề mà em chưa thích đó là đi sâu vào lý thuyết quá nhiều chưa có giảng dạy cho chúng em nhiều về cách cấu thành sản phẩm .,Tiêu cực 😠,,,
thầy giảng rất ít .,Tiêu cực 😠,,,
thầy dạy đôi khi hơi chán cần thay đổi phương pháp giảng dạy .,Tiêu cực 😠,,,
cô rất nhiệt tình và vui tính .,Tích cực 😄,,,
mong thầy cô xem lại cách giảng dạy môn này .,Tiêu cực 😠,,,
"giảng viên rất nhiệt tình thậm chí dạy lố giờ , dư buổi nhưng vẫn không đảm bảo đủ số bài của chương trình học , không giảng giải bài học một cách rõ ràng , khi dạy chỉ mở slide và đọc tất cả những gì trên slide bài giảng nhưng không giảng thêm gì nhiều hoặc nếu có giảng thêm thì cũng khá khó hiểu , khi sinh viên hỏi lại thì thường chỉ nói lại những gì đã nói lần trước mà không giảng thêm để sinh viên có thể hiểu được bài , slide bài giảng được chuẩn bị sơ sài và có nhiều sai sót , giảng viên thường xuyên ra ngoài nghe điện thoại , ăn , hút thuốc trong giờ dạy , thường xuyên dạy các kiến thức nâng cao trong khi sinh viên chưa hiểu hết kiến thức cơ bản , thường hay nói chuyện nặng lời với sinh viên trong lớp .",Tiêu cực 😠,,,
"bài giảng và bài tập trọng tâm , chi tiết .",Tích cực 😄,Tích cực 😄,,
"phân chia chương trình hợp lý hơn , chia nhỏ lượng kiến thức cần đạt được .",,Tiêu cực 😠,,
cô nhiệt tình giải đáp thắc mắc cho sinh viên .,Tích cực 😄,,,
"thầy hướng dẫn thực hành tốt , nhiệt tình .",Tích cực 😄,,,
"cô wzjwz228 rất nhiệt tình với sinh viên trong giờ lên lớp , rất hay khuyến khích sinh viên đặt câu hỏi , hay tự đặt những câu hỏi xây dựng khuyến khích sinh viên tìm hiểu trả lời .",Tích cực 😄,,,
dạy cho sinh viên biết nhiều về thực tế .,Tích cực 😄,,,
cô than hoài à .,Tích cực 😄,,,
"nội dung môn học không phù hợp , quá nhiều lý thuyết , lý thuyết quá rườm rà và không phù hợp với truyền thống việt nam .",,Tiêu cực 😠,,
cô vui vẻ và nhiệt tình .,Tích cực 😄,,,
"phương pháp giảng dạy tốt , dễ hiểu .",Tích cực 😄,,,
"cô nhiệt tình , thân thiện với sinh viên .",Tích cực 😄,,,
vấn đề nghe từ thiết bị không tốt lắm .,,,Tiêu cực 😠,
giảng viên hay đến muộn .,Tiêu cực 😠,,,
cách giảng cô rất phức tạp vẫn chưa ngắn gọn xúc tích gây khó hiểu ở các công thức tính toán .,Tiêu cực 😠,,,
cách dạy học tăng khả năng tự vận động của học sinh .,Tích cực 😄,,,
đây là môn học khó và cần phải có nền tảng kiến thức từ những môn học cơ bản hơn nó nhưng chương trình k6 thì không có môn nào cơ bản về tín hiệu trước môn xử lý tín hiệu số .,,Tiêu cực 😠,,
"giáo viên nhiệt tình , truyền đạt kiến thức tận tâm .",Tích cực 😄,,,
thầy dạy còn khá khó về thời lượng .,Tiêu cực 😠,,,
hướng dẫn chi tiết nhiệt tình .,Tích cực 😄,,,
em rất thích .,,,,
có tinh thần trách nhiệm .,Tích cực 😄,,,
các dụng cụ còn hư nhiều .,,,Tiêu cực 😠,
"cô nói hơi dài dòng , đôi chỗ hơi khó hiểu .",Tiêu cực 😠,,,
thầy thường chạy trước chương trình học lý thuyết .,Tích cực 😄,,,
"thêm nhiều ví dụ cụ thể , dễ hiểu cho sinh viên vì năm đầu tiên ở trường học môn nhập môn lập trình có nhiều bạn còn bỡ ngỡ , khó hiểu được những kiến thức có thể chưa bao giờ gặp qua này .",,Tiêu cực 😠,,
cho các nhóm tự nghiên cứu và thuyết trình .,,,,
"số lượng sinh viên lớp nên tối đa là 30 , vì đây là môn học cá biệt cần sự tương tác thực tế .",,Tiêu cực 😠,,
giảng viên thường đến lớp trễ .,Tiêu cực 😠,,,
"phiền thầy chỉ giới thiệu nhanh chóng , không cần dành quá nhiều thời gian cho nó , em nghĩ mọi người đã biết từ trước những nội dung cơ bản như vậy ( ít nhất là những người em quen ) .",Tiêu cực 😠,,,
thầy vô cùng hài hước tạo không khí lớp học vui vẻ cho sinh viên .,Tích cực 😄,,,
cô dạy rất tốt và rất nhiệt tình .,Tích cực 😄,,,
"giảng viên giảng chưa được thu hút , gây nhàm chán .",Tiêu cực 😠,,,
nên cần giúp sinh viên thực hành nói nhiều hơn và phương pháp trau dồi từ vựng sáng tạo .,,Tiêu cực 😠,,
"cần nâng cấp phòng học , máy chiếu .",,,Tiêu cực 😠,
"có slide bài giảng , giảng kỹ bài .",,,,
"cô dạy hay , nhiệt tình , cung cấp đầy đủ kiến thức của bộ môn .",Tích cực 😄,,,
bài giảng hay .,,Tích cực 😄,,
giảng viên tận tình .,Tích cực 😄,,,
"giảng viên vui tính , hòa đồng .",Tích cực 😄,,,
bằng chứng là thầy wzjwz56 dạy thay thầy wzjwz57 ở lớp wzjwz58 .,Tiêu cực 😠,,,
giáo viên trao đổi với sinh viên hoàn toàn bằng tiếng anh .,Tiêu cực 😠,,,
cần thêm tài liệu thực hành .,,Tiêu cực 😠,,
tận tình chỉ dạy .,Tích cực 😄,,,
cách ứng dụng lý thuyết vào thực tế .,,,,
"đúng giờ , sát chương trình .",Tích cực 😄,,,
"phòng học còn nóng và bụi bặm , máy chiếu tuy nhìn được nhưng như vậy vẫn là mờ , nếu ngồi xa hay hôm nào sáng quá sẽ khó thấy .",,,Tiêu cực 😠,
"thầy dạy rất hay , nhiệt tình với sinh viên .",Tích cực 😄,,,
hầu hết em và các bạn đều không đi thực hành .,,,,
giảng viên nên tương tác với sinh viên nhiều hơn nữa .,Tiêu cực 😠,,,
thầy rất thân thiện !,Tích cực 😄,,,
không có gì .,,,,Tiêu cực 😠
rất bổ ích và thú vị .,,,,
cải tiến trang thiết bị thường xuyên hơn .,,,Tiêu cực 😠,
thầy giảng dễ hiểu .,Tích cực 😄,,,
"ngoài ra , các mặt còn lại em không có ý kiến .",,,,
"giảng viên truyền đạt tốt , khơi gợi cho sinh viên tự tìm hiểu kiến thức .",Tích cực 😄,,,
"thầy truyền đạt kiến thức rất hay , và dễ hiểu .",Tích cực 😄,,,
môn học rất hay và bổ ích .,,Tích cực 😄,,
không có điều nào không hài lòng .,,,,Tiêu cực 😠
nên rèn kỹ năng nghe và nói nhiều hơn cho sinh viên .,Tiêu cực 😠,,,
thầy có kiến thức chuyên môn sâu .,Tích cực 😄,,,
cách thầy giảng rất hấp dẫn và dễ hiểu .,Tích cực 😄,,,
"giảng dạy tận tình , đi đúng giờ .",Tích cực 😄,,,
"cô dạy quá nhanh , lý thuyết dạy quá nhanh và quá nhiều mà cũng không cần thiết lắm .",Tiêu cực 😠,,,
khá ổn .,,,,
thầy giảng hơi khó hiểu hay tại bài học khó hiểu ?,Tiêu cực 😠,,,
"giảng viên vui vẻ , nhiệt tình .",Tích cực 😄,,,
nên để giảng viên dạy lý thuyết cả thực hành sẽ logic hơn .,Tiêu cực 😠,,,
sinh viên tìm tòi cách khác để có được kết quả giống nhưng không chấp nhận .,,,,
"giảng viên thân thiện , hòa đồng với sinh viên .",Tích cực 😄,,,
"thầy rất tận tâm , tận tình với học sinh .",Tích cực 😄,,,
dạy hơi khó hiểu .,Tiêu cực 😠,,,
cô giảng hay .,Tích cực 😄,,,
giang dạy quá nhiệt tình và tâm huyết truyền đạt cho học sinh kiến thức của cô .,Tích cực 😄,,,
"thầy tận tâm , nhiệt tình , dạy kỹ bài , hướng dẫn giải bài cụ thể .",Tích cực 😄,,,
giảng viên tận tâm nhiệt tình .,Tích cực 😄,,,
"giảng viên nhiệt tình , tương tác tích cực với sinh viên .",Tích cực 😄,,,
giảng viên nhiệt tình giảng giải những thắc mắc của sinh viên .,Tích cực 😄,,,
thầy tạo điều kiện cho sinh viên có thê hoàn thành tất cả các bài lab .,Tích cực 😄,,,
nên cải tiến phòng thực hành .,,,Tiêu cực 😠,
thầy chấm điểm hơi mắc .,Tiêu cực 😠,,,
có dạy thêm ngôn ngữ trung rất thú vị .,,,,
"cách giảng dạy của giảng viên dễ tiếp thu , dễ hiểu .",Tích cực 😄,,,
"thường xuyên đi trễ , giảng dạy không nhiệt tình , dạy khá lang mang , không đảm bảo đúng tiến độ học tập .",Tiêu cực 😠,,,
cô dễ thương quá coloncc .,Tích cực 😄,,,
nêu lên những ví dụ rất hay giúp sinh viên dễ nắm bắt kiến thức .,Tích cực 😄,,,
giảng viên thường xuyên đi trễ vào những buổi gần cuối .,Tiêu cực 😠,,,
giảng viên giảng dạy khó tiếp thu .,Tiêu cực 😠,,,
"giảng viên dạy hay , nhiệt tình .",Tích cực 😄,,,
"rất hài lòng , cô dạy rất vui vẻ .",Tích cực 😄,,,
"cô nói nhanh và nhiều khiến em bị "" quá tải "" .",Tiêu cực 😠,,,
"bổ sung nhiều kiến thức thực hay , nâng cao cho sinh viên .",,Tích cực 😄,,
đảm bảo số giờ lên lớp .,Tích cực 😄,,,
thầy chỉ dạy một buổi nên không đánh giá được .,Tiêu cực 😠,,,
"cô rất nhiệt tình , cô còn có phương pháp giảng dạy gây hứng thú cho người học .",Tích cực 😄,,,
cần có lập trình thực nghiệm các bước và xem rõ cách hoạt động chương trình demo .,,Tiêu cực 😠,,
"cần có các bài lab thực hành để trực quan hơn , sát với thực tế làm việc ở các công ty phần cứng .",,Tiêu cực 😠,,
"giảng viên vui tính , nhiệt tình .",Tích cực 😄,,,
chưa truyền đạt được kiến thức .,Tiêu cực 😠,,,
cần thêm tài liệu .,,Tiêu cực 😠,,
thầy giúp học sinh giải nhiều bài tập .,Tích cực 😄,,,
"nhiệt tình , bài giảng tạo cảm hứng cho sinh viên học tập .",Tích cực 😄,,,
chỉ nhìn mỗi khía cạnh làm slide lý thuyết mà đánh giá cả đồ án của sinh viên một cách rất hời hợt .,,,,
tóm lại em rất hài lòng .,Tích cực 😄,,,
"giảng viên giảng bài còn mơ hồ , phức tạp .",Tiêu cực 😠,,,
"cô dạy rất nhiệt tình và vui vẻ , dạy chi tiết từng tí một .",Tích cực 😄,,,
mong thầy sử dụng micro .,Tiêu cực 😠,,,
"cô đến lớp đúng giờ , giảng dễ hiểu .",Tích cực 😄,,,
"giảng viên tạo áp lực quá lớn cho sinh viên trong khi đây là môn học đòi hỏi sự năng động , sáng tạo .",Tích cực 😄,,,
"cô dạy rất hay và kỹ , dành nhiều thời gian sửa bài tập .",Tích cực 😄,,,
cho bài tập nhiều giúp học sinh có bài tập về nhà làm .,Tích cực 😄,,,
giáo viên truyền đạt kiến thức mập mờ cho sinh viên .,Tích cực 😄,,,
"có cảm giác hà khắc , khá khó chịu .",Tiêu cực 😠,,,
nói chung là em không thể tiếp thu bài trên lớp .,Tiêu cực 😠,,,
"thầy chăm lên lớp giảng dạy , tận tình .",Tích cực 😄,,,
"dạy nhiệt tình , hiệu quả .",Tích cực 😄,,,
"cô điểm danh mình em lúc đầu giờ , cuối giờ mới điểm danh mấy bạn kia colonsadcolon .",Tiêu cực 😠,,,
giải tích 2 .,Tích cực 😄,,,
slide bài giảng hay .,,Tích cực 😄,,
"nên có một số buổi ngoại khóa bên ngoài , tiếp cận thực tiễn , giao tiếp với người nước ngoài .",,Tiêu cực 😠,,
giảm tảibỏ những phần không thật sự cần thiết .,,Tiêu cực 😠,,
thiếu hiệu quả không phù hợp với môn học .,,Tiêu cực 😠,,
dạy lý thuyết tốt .,Tích cực 😄,,,
"không khí học tập sôi nổi , dễ tiếp thu kiến thức .",Tích cực 😄,,,
dạy rất dễ hiểu .,Tích cực 😄,,,
"thầy hiền , nhiệt tình .",Tích cực 😄,,,
kiến thức thực cần tế hơn .,,Tiêu cực 😠,,
"nhiệt tình truyền đạt kiến thức , hài hước .",Tích cực 😄,,,
đôi lúc thầy giảng hơi nhanh .,Tiêu cực 😠,,,
đầu tư thêm máy móc hiện đại .,,,Tiêu cực 😠,
"thầy dạy những nội dung cần thiết , ngắn gọn và dễ hiểu .",Tích cực 😄,,,
giúp đỡ sát sao khi sinh viên gặp vấn đề khó trong thực hành .,Tích cực 😄,,,
đa số sinh viên tự học và không liên hệ đến giảng viên thực hành .,Tiêu cực 😠,,,
phân bổ thời gian hoàn thành môn học hợp lý hơn nữa .,,Tiêu cực 😠,,
thầy dạy rất nhiệt tình và sẵn sàng giải đáp .,Tích cực 😄,,,
thầy rất quan tâm đến điểm số của sinh viên .,Tích cực 😄,,,
"nhiệt tình , giảng hiểu bài .",Tích cực 😄,,,
"cô dạy hấp dẫn , thú vị !",Tích cực 😄,,,
quan tâm sinh viên .,Tích cực 😄,,,
giảng bài hay !,Tích cực 😄,,,
"đây làm môn học cần thực hành nhiều , cần tăng thêm số buổi thực hành .",,Tiêu cực 😠,,
"giảng dạy dễ hiểu , nhiệt tình với sinh viên .",Tích cực 😄,,,
"giảng viên dạy nhiệt tình , dễ hiểu !",Tích cực 😄,,,
thầy hiền dễ tính .,Tích cực 😄,,,
nên để đồ án cuối kỳ các sinh viên được phép làm nhóm .,,Tiêu cực 😠,,
"giảng viên không bao giờ đi dạy , toàn nhờ sinh viên dạy thay , không có trách nhiệm , môn học này chẳng giúp ích được gì , thanks .",Tiêu cực 😠,,,
"giáo trình anh văn dường như không giúp ích cho công nghệ thông tin cũng như những khả năng giao tiếp của sinh viên , sinh viên trung bình khó có thể đạt 5 điểm ở các chương trình anh văn .",,Tiêu cực 😠,,
giáo viên rất nhiệt tình trong việc giải đáp thắc mắc cho sinh viên .,Tích cực 😄,,,
nhiệt tình và quan tâm học sinh .,Tích cực 😄,,,
diễn đạt trong giảng dạy không được tốt lắm .,Tiêu cực 😠,,,
thầy chưa hỗ trợ lớp trong việc giải đáp các câu hỏi cũng như tạo điều kiện cho sinh viên học hỏi .,Tiêu cực 😠,,,
giới thiệu những kiến thức mới cho sinh viên .,Tích cực 😄,,,
"vui , hay .",Tích cực 😄,,,
không biết thầy wzjwz260 là thầy nào ?,Tiêu cực 😠,,,
nên có nhiều bài tập cho sinh viên tham khảo .,,Tiêu cực 😠,,
hầu như giảng viên không giảng mà chỉ dịch slide do slide viết bằng tiếng anh .,Tiêu cực 😠,,,
"giảng viên giảng kỹ , dễ hiểu .",Tích cực 😄,,,
luôn giải thích chi tiết vấn đề thắc mắc của sinh viên .,Tích cực 😄,,,
cho ít đồ án thôi .,Tiêu cực 😠,,,
thầy cho chép quá nhiều .,Tiêu cực 😠,,,
"trang thiết bị phục vụ còn hạn chế , không có nhiều thời gian trực tiếp thực hành .",,,Tiêu cực 😠,
giáo viên dạy rất tệ .,Tiêu cực 😠,,,
giáo viên cần bổ sung thêm các bài tập liên quan nhiều hơn để các bạn sính viên nắm rõ hơn .,Tiêu cực 😠,,,
"môn học này có định hướng thiên về lý thuyết logic nên em nghĩ nên học theo hình thức trao đổi và tham khảo , không nên đặt nặng đồ án và bài tập .",,Tiêu cực 😠,,
"dạy dễ hiểu , tạo cảm giác thân thiện với học sinh !",Tích cực 😄,,,
giảng viên dạy tận tâm .,Tích cực 😄,,,
đồ án lớn không có trong phần giảng dạy khiến sinh viên khó khăn trong việc thực hiện .,Tiêu cực 😠,,,
thầy đi vào trễ nhưng lại về muộn .,Tiêu cực 😠,,,
thầy nên sử dụng micro để giảng .,Tiêu cực 😠,,,
tốc độ dạy khá nhanh khiến việc tiếp thu không hiệu quả .,Tiêu cực 😠,,,
dạy sát với chương trình .,Tích cực 😄,,,
"vui vẻ , nhiệt tình , giảng dễ hiểu .",Tích cực 😄,,,
thời gian nộp bài thực hành quá ngắn .,,Tiêu cực 😠,,
cô dạy dễ hiểu và thân thiện .,Tích cực 😄,,,
"thầy có kiến thức rất rộng , có thể giải thích mọi thắc mắc của sinh viên .",Tích cực 😄,,,
"rèn luyện cho sinh viên kỹ năng làm việc nhóm , nâng cao tính chủ động của sinh viên .",Tích cực 😄,,,
"cô có ôn tập , sửa bài đầy đủ .",Tích cực 😄,,,
nghiêm khắc nhưng rất tận tình .,Tích cực 😄,,,
"giảng viên lý thuyết nên cải thiện kỹ năng truyền đạt , và chuẩn bị bài giảng tốt hơn .",Tiêu cực 😠,,,
quá ít thiết bị cho sinh viên thực hành .,,,,
không có ý kiến gì .,,,,Trung lập 😐
thời gian lên lớp ít nhưng tiếp thu nhiều .,Tiêu cực 😠,Tiêu cực 😠,,
tài liệu giảng dạy đầy đủ .,,Tích cực 😄,,
luôn luôn đúng giờ .,Tích cực 😄,,,
"cô giảng dạy rất chăm chú , tận tình giải đáp thắc mắc của sinh viên .",Tích cực 😄,,,
thầy rất tận tâm và thương yêu sinh viên .,Tích cực 😄,,,
nhiều kinh nghiệm .,,,,
thầy có kiến thức nhiều .,Tích cực 😄,,,
"ngoài việc giảng dạy , do môn này là môn nhập môn máy học , nếu thầy có thể giới thiệu về các tài liệu về các loại máy học , áp dụng , hơn đơn thuần cưỡi ngựa xem hoa .",Tiêu cực 😠,,,
"thầy có slide , nhưng làm mất thời gian vì quá trình viết bảng .",Tiêu cực 😠,,,
thầy giảng còn hơi khó hiểu .,Tiêu cực 😠,,,
"cô bớt xinh lại giúp em một tí , làm em hơi mất tập trung mỗi lần nhìn cô giảng .",Tích cực 😄,,,
"cô vui tính , dễ gần , nhiệt tình .",Tích cực 😄,,,
bài tập quá nhiều .,,Tiêu cực 😠,,
"thầy dạy tốt , có tâm huyết với an toàn thông tin .",Tích cực 😄,,,
"chưa tạo động lực học cho học sinh , chưa hướng dẫn rõ ràng cho sinh viên làm đồ án .",Tiêu cực 😠,,,
cô dạy rất có tâm và quan tâm đến sinh viên .,Tích cực 😄,,,
đó là nội dung chương trình học rất tốt .,,Tích cực 😄,,
nên đi sâu vào vấn đề .,Tiêu cực 😠,,,
"cô nhiệt tình với học sinh , bài giảng dễ hiểu .",Tích cực 😄,,,
"cần nâng cấp các phòng học thực hành , phòng máy quá tệ để thực hành , các phiên bản phần mềm cũ .",,,Tiêu cực 😠,
những nội dung mà cô muốn truyền đạt đều rất có ích cho quá trình làm việc sau này của sinh viên !,Tích cực 😄,,,
thầy tận tâm nhiệt huyết .,Tích cực 😄,,,
"giảng viên không sử dụng course gây khó khăn cho sinh viên , hay chém gió , giọng giảng không rõ ràng .",Tiêu cực 😠,,,
trong lúc giảng thầy thường xuyên viết & vẽ lên bảng .,Tiêu cực 😠,,,
đi dạy đầy đủ .,Tích cực 😄,,,
thầy lo giảng quên cả giờ giấc .,Tích cực 😄,,,
cô rất nhiệt tình trong việc giảng dạy .,Tích cực 😄,,,
giảng viên khá vui tính .,Tích cực 😄,,,
"giảng viên tận tâm , nhiệt tình , quan tâm sinh viên .",Tích cực 😄,,,
"nói chuyện rất nhỏ , cách truyền đạt chưa đến với sinh viên .",Tiêu cực 😠,,,
"thầy dạy khá hay nhưng cho bài tập đột xuất , đôi khi thầy nói các vấn đề hơi nhanh .",Tiêu cực 😠,,,
"thầy là người rất hài hước , nhiệt huyết và cách truyền đạt rất hay .",Tích cực 😄,,,
cảm ơn thầy rất nhiều .,Tích cực 😄,,,
"đề thi sử dụng google dịch , nửa tiếng anh nửa tiếng việt .",,Tiêu cực 😠,,
"thuyết trình nhiều như thế chưa có hiệu quả lắm , hi vọng cô sẽ cải thiện hình thức dạy và học .",,Tiêu cực 😠,,
"năm ngoái học đã có bao nhiêu bạn bị rớt và suýt bị rớt vì môn này , nhưng năm nay cô không rút kinh nghiệm cách dạy thậm chí còn khó hơn năm ngoái .",,,,
"tận tâm nhiệt tình , lắng nghe sinh viên .",Tích cực 😄,,,
"cách dạy về môn học chưa được hợp lý , nên dạy cơ bản trước khi dạy nâng cao .",Tiêu cực 😠,,,
em nghĩ cần tăng thêm thời gian học thực hành .,,Tiêu cực 😠,,
tuyệt vời .,,Tích cực 😄,,
em nghĩ giảng viên nên cho bài và sửa bài tập nhiều hơn .,Tiêu cực 😠,,,
"giảng viên vui tính , tận tâm , nhiệt tình !",Tích cực 😄,,,
phòng máy cũ cần nâng cấp .,,,Tiêu cực 😠,
"thầy nên có đề mẫu , bài mẫu .",Tiêu cực 😠,,,
cô không tập trung trong giờ giảng .,Tiêu cực 😠,,,
"thầy rất nhiệt tình , giúp đỡ sinh viên rất nhiều trong quá trình hoàn thành đồ án .",Tích cực 😄,,,
"và chuột máy tính trong phòng lab cũng hư khá nhiều , đề nghị nhà trường thay thế để có nhiều máy tính phục vụ học tập cho sinh viên .",,,Tiêu cực 😠,
"giáo viên giảng dạy tận tâm , dễ hiểu , truyền đạt và liên hệ thực tiễn .",Tích cực 😄,,,
giảng viên tận tụy có tâm huyết đối với sinh viên .,Tích cực 😄,,,
"giảng viên dạy rất nhiệt tình , tuy nhiên việc dạy quá giờ lên lớp sẽ khiến nhiều sinh viên gặp khó khăn trong việc học , giảng viên dạy vượt qua tiết 4 và 5 khiến nhiều sinh viên phải sang học tiết khác và bỏ qua rất nhiều bài giảng dẫn đến việc học không hiệu quả .",Tiêu cực 😠,,,
em có suy nghĩ là thầy không tin các bài tập do chính các bạn nữ làm .,Tiêu cực 😠,,,
tạo thêm nhiều ví dụ ngoài thực tiễn .,Tích cực 😄,,,
"giảng viên giảng dạy nhiệt tình , phương pháp dạy hay , chỉ dẫn hiệu quả .",Tích cực 😄,,,
không hài lòng điểm gì cả !,,,,Tiêu cực 😠
"cần có các bài lab thực hành , để sinh viên thành thạo cũng như các thao tác ứng dụng .",,Tiêu cực 😠,,
cách dạy của thầy wzjwz170 vô cùng chán đối với môn học kỹ năng như thế này .,Tiêu cực 😠,,,
"thầy luôn hướng dẫn sinh viên giải bài tập bằng nhiều cách , suy luận logic .",Tích cực 😄,,,
sự nhiệt tình thầy dạy dễ hiểu vui vẻ .,Tích cực 😄,,,
cần tạo điều kiện cho sinh viên tăng vốn ngoại ngữ giao tiếp .,,Tiêu cực 😠,,
"thầy dạy dễ hiểu , dễ tiếp thu .",Tích cực 😄,,,
thầy hay đến lớp muộn sao với sinh viên .,Tiêu cực 😠,,,
giảng dạy nhiệt tình hơn .,Tích cực 😄,,,
thầy sáng tạo .,Tích cực 😄,,,
cô rất vui tính giảng bài rất hay .,Tích cực 😄,,,
cho nhiều bài nghe hay .,Tích cực 😄,,,
nhiệt tình và tận tâm với sinh viên .,Tích cực 😄,,,
giảng viên giảng bài rất dễ hiểu .,Tích cực 😄,,,
tìa liệu hướng dẫn thực hành nên cụ thể hơn đối với những lab khó .,,Tiêu cực 😠,,
có liên hệ những ví dụ thực tế để giảng dạy .,Tích cực 😄,Tích cực 😄,,
"giảng bài hơi nhanh , tài liệu không rõ ràng , không dùng moodle .",Tiêu cực 😠,,,
phương pháp dạy không hợp lý .,Tiêu cực 😠,,,
"cô dạy hay , rất nhiệt tình , luôn giúp đỡ , giải đáp các thắc mắc của sinh viên .",Tích cực 😄,,,
"tận tâm , nhiệt tình , cách giảng dạy hiệu quả .",Tích cực 😄,,,
không muốn hỏi bài thầy vì thầy giải đáp không hiểu .,Tiêu cực 😠,,,
gây lãng phí .,,,,
nên nhiều khi em thấy không thể hiểu .,,,,Tiêu cực 😠
nên có giáo trình rõ ràng và cơ bản hơn .,,Tiêu cực 😠,,
nâng cấp trang thiết bị của phòng thực hành .,,,Tiêu cực 😠,
"thầy còn nhiều lúc giảng chưa kỹ lướt qua quá nhanh chưa kịp đọc bài , chỉ dẫn chưa rõ ràng .",Tiêu cực 😠,,,
"có vài chỗ cô giảng còn khó hiểu , những chỗ code khó , dài và rối em mong cô giảng kỹ và nhiều hơn .",Tiêu cực 😠,,,
thầy dạy rất nhiệt tình và vui vẻ .,Tích cực 😄,,,
giảng viên tận tình với sinh viên .,Tích cực 😄,,,
"nên phân công giảng viên ít công việc ngoài , phân bố thời gian nghỉ lễ hợp lý .",Tiêu cực 😠,,,
"dù có tìm hiểu nhưng em không thể hiểu hết và nắm bắt hoàn toàn nội dung bài lab , nhưng khi hỏi giảng viên thì em cũng không thu được thông tin gì thêm cả .",Tiêu cực 😠,,,
cần phải có phương pháp giảng dạy linh hoạt và sáng tạo hơn .,Tiêu cực 😠,,,
"điểm danh quá nhiều colonsurprise , silde bài giảng cần phải đầu tư nhiều hơn .",Tiêu cực 😠,Tiêu cực 😠,,
giảng dạy rõ ràng .,Tích cực 😄,,,
"thầy dạy giỏi , vui tính .",Tích cực 😄,,,
có liên hệ thực tế qua bài giảng giúp sinh viên nhanh tiếp thu kiến thức .,Tích cực 😄,,,
"thầy dạy hay , vui vẻ .",Tích cực 😄,,,
kiến thức dạy cần được lên kế hoạch kỹ càng chương trình giảng dạy .,,Tiêu cực 😠,,
giảng viên ít có giải thích các phần bài tập mà chỉ chiếu kết quả trên phần mềm outcomes và lướt lướt cho nhanh để hết tiết .,Tiêu cực 😠,,,
bám sát nội dung môn học .,,Tích cực 😄,,
thầy có cho bài tập về nhà nhưng chưa hướng dẫn và giải chi tiết vào hôm sau .,Tiêu cực 😠,,,
"giảng viên nhiệt tình giúp đỡ , tận tâm với công việc .",Tích cực 😄,,,
giảng dạy tốt !,Tích cực 😄,,,
thầy dậy quá nhanh và không sâu nên không nắm chắc được kiến thức .,Tiêu cực 😠,,,
"vui hiền , dạy hay sinh động , perfect .",Tích cực 😄,,,
"tận tâm , nhiệt tình trong giảng dạy .",Tích cực 😄,,,
"chém gió , nói chuyện quá nhiều , hướng dẫn giải bài tập một cách quá sơ sài .",Tiêu cực 😠,,,
"thầy dạy rất tốt , cung cấp kiến thức sâu , đủ với khả năng sinh viên .",Tích cực 😄,,,
"chưa đề cập đến nhiều nội dung như đồ họa , tệp , liên kết .",,Tiêu cực 😠,,
"giảng viên nhiệt tình giải đáp câu hỏi , thắc mắc .",Tích cực 😄,,,
không có ý kiến với giáo viên .,Tiêu cực 😠,,,
"giảng viên giảng lý thuyết kỹ trước khi cho làm thực hành , đánh giá điểm hợp lý .",Tích cực 😄,,,
bài giảng chi tiết .,,,,
không nên sử dụng slide bằng tiếng anh tí nào .,Tiêu cực 😠,Tiêu cực 😠,,
cô cho rất nhiều ví dụ nên rất dễ hiểu được bài .,Tích cực 😄,,,
thầy vui tính giảng dạy dễ hiểu ân cần .,Tích cực 😄,,,
tăng tính thực tế trong các đồ án hơn một chút là tuyệt vời .,,Tiêu cực 😠,,
"dạy khá nhanh , nên chậm lại tí là ok .",Tiêu cực 😠,,,
chất lượng đào tạo tốt .,,Tích cực 😄,,
quá trình thầy giảng dạy thì hầu hết bọn em chỉ lên nghe thầy nói kiểu nước đổ đầu vịt .,Tiêu cực 😠,,,
"kiến thức bao quát quá rộng lớn , khó tiếp cận cho người tự học .",,,,
"thầy dạy vui tính , dễ hiểu , dễ thương !",Tích cực 😄,,,
làm kiểm tra thường xuyên .,,,,
khả năng diễn đạt bằng tiếng anh thực sự không tốt lắm .,,,,
quá chú trọng vào phần listening .,,Tiêu cực 😠,,
"môn học đề cao tính ứng dụng , vì vậy nên trang bị nhiều cơ sở vật chất và tài liệu nghiên cứu làm ý tưởng cho sinh viên làm đồ án môn học .",,,Tiêu cực 😠,
áp dụng thực tiễn .,,Tích cực 😄,,
"áp dụng được các hình ảnh , video clip vào trong quá trình giảng dạy .",,Tiêu cực 😠,,
"kết quả thực hành , đánh giá chưa quy chuẩn , còn qua loa .",,,,
"giảng viên thường giảng dạy quá thời gian của tiết học , nói nhiều và cách nói không thu hút sinh viên .",Tiêu cực 😠,,,
giảng viên chưa cung cấp kiến thức đầy đủ cho sinh viên .,Tiêu cực 😠,,,
"giảng viên rất nhiệt tình , tâm lý , dễ thương , luôn luôn tạo nhiều cơ hội ghi điểm cho sinh viên và tạo mọi điều kiện để sinh viên trao đổi , thảo luận về bài giảng trên lớp cũng như kiến thức liên quan đến môn học .",Tích cực 😄,,,
"các máy tính tại phòng thực hành lab khoa wzjwz42 đa phần đều hư hỏng không có chuột , chuột không dùng được , máy bị virus rất nặng .",,,Tiêu cực 😠,
không thật sự công bằng và đúng theo yêu cầu .,,,,
"giảng viên nhiệt tình , cho bài tập đầy đủ , sử dụng giờ lên lớp hiệu quả và đúng giờ .",Tích cực 😄,,,
môn này hay .,,Tích cực 😄,,
"cô rất vui vẻ , tâm huyết nhiệt tình .",Tích cực 😄,,,
"thầy giảng bài vô cùng thu hút , dễ hiểu , không bị nhàm chán .",Tích cực 😄,,,
giảng viên có thể giải nhiều bài tập và giảng kỹ ở mỗi dạng để sinh viên nắm được bài .,Tích cực 😄,,,
"không tổ chức thi cuối kỳ môn học , vì lý do làm đồ án đã mất rất nhiều thời gian .",,Tiêu cực 😠,,
giờ thực hành quá ít .,,Tiêu cực 😠,,
"nói lúc to lúc nhỏ , nghe mệt tai .",Tiêu cực 😠,,,
"vui , nhiệt tình .",Tích cực 😄,,,
"thầy dạy tận tình , vui tính , dễ trao đổi , kiến thức được thầy truyền đạt rất kỹ càng .",Tích cực 😄,,,
"vui tính , tận tâm !",Tích cực 😄,,,
không có tài liệu học tập .,,Tiêu cực 😠,,
"giảng nhiệt tình , rèn luyện sinh viên kỹ năng làm việc nhóm , chủ động trong học tập .",Tích cực 😄,,,
"thực hành hay , tuy nhiên cần tìm hiểu thời gian nhiều sinh viên rảnh nhất không thì sẽ có bạn mất bài của môn .",,Tiêu cực 😠,,
kết hợp thực tế trong giảng dạy .,,,,
"nội dung môn học không hay , khá nhàm chán , không xác định được mục tiêu của môn học .",,Tiêu cực 😠,,
"cô wzjwz20 rất nhiệt tình và tận tâm , nhưng cách cô giảng bài làm nhiều sinh viên khó tiếp thu , tất cả đều có trong slide , cô chủ yếu chỉ nói trong slide , rất khó hiểu .",Tích cực 😄,,,
cho điểm khó .,Tiêu cực 😠,,,
thời gian học không đúng theo lịch .,,Tiêu cực 😠,,
"cung cấp đầy đủ hơn về tài liệu và những gì sinh viên cần biết , nên có kênh thông tin để sinh viên giao tiếp với giảng viên .",Tiêu cực 😠,,,
"giải đáp thắc mắc , cập nhật kiến thức thực tế .",Tích cực 😄,,,
nếu như 5 tiết đó để cho sinh viên làm các dạng bài tập khác nhau do thầy chiếu trên slide thì hay hơn là dùng 5 tiết để ghi tràn lan lý thuyết và số lượng lớn bài tập trùng dạng trên bảng .,Tiêu cực 😠,,,
nhà trường cần có giáo trình dùng chung cho tất cả các lớp và có một chương trình dạy cụ thể vì mỗi lớp có một kế hoạch học tập riêng mà lại thi chung nên rất khó cho sinh viên .,,Tiêu cực 😠,,
"thầy nhiệt tình , luôn cập nhật những công nghệ mới cho sinh viên , giúp sinh viên hứng thú hơn trong việc học .",Tích cực 😄,,,
bên cạnh đó lại đòi hỏi chuẩn quá cao trong khi việc truyền đạt thì vô cùng không hiệu quả .,Tiêu cực 😠,,,
em không có ý kiến .,,,,Trung lập 😐
giáo viên giải đáp thắc mắc nhiệt tình .,Tích cực 😄,,,
cô dạy hay và rất nhiệt tình .,Tích cực 😄,,,
"cô wzjwz266 nghiêm túc với công việc giảng dạy , dạy tiết nào đáng tiết đó , cung cấp kiến thức đầy đủ cho sinh viên .",Tích cực 😄,,,
"vui tính , luôn giúp đỡ sinh viên khi sinh viên gặp khó khăn .",Tích cực 😄,,,
"giáo trình , bài giảng và tài liệu phục vụ môn học được cung cấp đầy đủ và cập nhật trên hệ thống moodle .",,,,
thầy rất rất chi là nhiệt tình .,Tích cực 😄,,,
đề nghị sắp xếp thời gian thực hành nhiều hơn .,,Tiêu cực 😠,,
giảng viên tận tình chỉ dạy .,Tích cực 😄,,,
áp dụng một vài phương pháp học trao đổi mới trên internet thay vì dựa vào lý thuyết trên sách vở nhiều .,,Tiêu cực 😠,,
cô hiền coloncontemn .,Tích cực 😄,,,
"giảng viên trẻ , nhiệt huyết , vui tính , năng động và dễ thương !",Tích cực 😄,,,
thường xuyên trễ 15 - 30 phút .,Tiêu cực 😠,,,
"thầy giảng dạy nhiệt tình , truyền đạt kiến thức tốt .",Tích cực 😄,,,
mong nhà trường sớm thay máy mới !,,,Tiêu cực 😠,
không nên nhiệt tình quá nên xúc tích vào những nội dung cần thiết .,Tiêu cực 😠,,,
"giảng viên năng động , hoạt bát , tạo hứng thú cho sinh viên trong lớp .",Tích cực 😄,,,
thiếu sót là chưa có đề cương môn học khiến cho việc tìm tài liệu trên mạng rất tràn lan và không biết tìm như thế nào cho hiệu quả !,,Tiêu cực 😠,,
"cách dạy của cô hết sức tuyệt vời , tạo cảm hứng học tập cho sinh viên .",Tích cực 😄,,,
giọng đọc tiếng anh khó nghe .,Tiêu cực 😠,,,
"thầy dạy nhiệt tình , thầy dạy tốt , tận tâm , gần gũi với sinh viên .",Tích cực 😄,,,
"hệ thống âm thanh sử dụng cho phần "" listening "" chưa thực sự tốt .",,,,
giảng bài thú vị và sinh động .,Tích cực 😄,,,
xảy ra tai nạn đáng tiếc .,,,,
khả năng truyền đạt chưa tốt lắm .,Tiêu cực 😠,,,
thầy rất tốt và rất tận tâm .,Tích cực 😄,,,
do là hình thức thực hành 2 .,,Tiêu cực 😠,,
em thích nhất là phần dạy lý thuyết của thầy .,Tích cực 😄,,,
"khi đưa ra ví dụ , cô có thể gợi ý hướng giải để chúng em dễ hiểu bài hơn .",Tích cực 😄,,,
cho học sinh nói nhiều hơn .,Tiêu cực 😠,,,
"giảng viên giảng dạy rất nhiệt tình , dễ tiếp thu kiến thức .",Tích cực 😄,,,
"cô dạy rất dễ tiếp thu , tận tình , giải thích rất rõ ràng .",Tích cực 😄,,,
kiến thức truyền đạt khá ít .,Tiêu cực 😠,,,
thầy dạy vui he he .,Tích cực 😄,,,
"cô rất tận tâm , nhiệt tình trong công tác giảng dạy , cô giảng bài rất chi tiết , có các ví dụ cụ thể để minh họa cho từng phần mà cô giảng .",Tích cực 😄,,,
"thầy dạy tận tình , dễ hiểu , luôn quan tâm giúp đỡ sinh viên .",Tích cực 😄,,,
"không có gì không hài lòng , có góp ý xíu là sau này thầy có thể cho tự chọn mcu luôn , lần này thầy chọn sẵn nên đôi khi mất đi một xíu sự thú vị , cho sinh viên chọn luôn mới hay ho , sinh viên sẽ phải tìm hiểu nhiều hơn nữa , xem con chip nào phù hợp nhất .",Tiêu cực 😠,,,
"giúp giảng viên chủ động truyền đạt các kiến thức đã học một cách cụ thể cho sinh viên bởi thực tế hiện nay sinh viên thường làm các đồ án trong đó không thể hiện được rõ các kiến thức đã học trên lớp , nó thiên về sử dụng kỹ thuật nhiều hơn .",Tiêu cực 😠,,,
"thầy dạy ổn , đúng với lý thuyết .",Tích cực 😄,,,
"giảng viên tận tâm , nhiệt tình , dễ thương .",Tích cực 😄,,,
tận tình luôn muốn sinh viên hiểu bài .,Tích cực 😄,,,
"các slide bài tập hàng tuần rất đầy đủ , kể cả về nội dung thực hành .",,Tích cực 😄,,
"chi tiết , dễ hiểu .",Tích cực 😄,,,
áp lực nặng .,,,,
"cảm ơn thầy , thầy rất nhiệt tình !",Tích cực 😄,,,
giảng viên dạy hơi quá thời gian .,Tiêu cực 😠,,,
thầy rất nhiệt tình hướng dẫn sinn viên đặc biệt là sửa lỗi sai hay giải bài tập trên lớp .,Tích cực 😄,,,
thầy hay đi trễ .,Tiêu cực 😠,,,
đánh giá đúng năng lực của sinh viên .,Tích cực 😄,,,
"không nhấn vào trọng tâm , giảng bài hơi khó tiếp thu .",Tiêu cực 😠,,,
giờ lên dạy .,Tích cực 😄,,,
hay đi trễ .,Tiêu cực 😠,,,
tập trung vào nghiên cứu phần kiến thức trọng tâm .,,Tích cực 😄,,
cô có tính cách năng động hòa đồng với học sinh .,Tích cực 😄,,,
số bài thực hành quá nhiều đối với một môn thực hành hình thức 2 .,,Tiêu cực 😠,,
"giảng dạy nhiệt tình , tận tâm với sinh viên , giảng dễ hiểu , tài liệu cung cấp luôn đầy đủ .",Tích cực 😄,,,
có bài tập thực hành hợp lý cho từng tuần và phù hợp với lý thuyết vừa học xong .,,Tích cực 😄,,
"thân thiện , nhiệt tình , hòa đồng , vui tính , đẹp trai .",Tích cực 😄,,,
thầy dạy rất thoải mái .,Tích cực 😄,,,
"cô rất tận tâm , hết mình với sinh viên .",Tích cực 😄,,,
"nhiệt tình , chia sẻ kinh nghiệm học tập .",Tích cực 😄,,,
có kiến thức cao .,,Tích cực 😄,,
"giảng viên tận tâm , thân thiện gần gũi .",Tích cực 😄,,,
"cô nói nhanh , liên tục nhiều khi em không thể nghe kịp .",Tiêu cực 😠,,,
không nên cho thi môn này .,,Tiêu cực 😠,,
dạy gì thi đó .,Tiêu cực 😠,,,
thầy rất nhiệt tâm .,Tích cực 😄,,,
"giảng viên luôn cố gắng liên hệ thực tế nhiều nhất có thể , giúp sinh viên hiểu hơn về thực tiễn hơn là chỉ tập trung vào lý thuyết của bài học .",Tích cực 😄,,,
giảng viên rất nhiệt tình trong giảng dạy cũng như giải đáp thắc mắc của sinh viên .,Tích cực 😄,,,
phòng học gần tòa nhà đang xây gây ảnh hưởng đến các bài nghe của môn học này .,,,Tiêu cực 😠,
"thầy dạy rất dễ hiểu , đơn giản sát với thực tế .",Tích cực 😄,,,
giảng viên nói rõ ràng .,Tích cực 😄,,,
"thầy dạy rất chất , em chưa thấy thầy nào dạy chính trị hay hơn thầy .",Tích cực 😄,,,
"dạy nhiệt tình , thân thiện .",Tích cực 😄,,,
dãy bàn chính giữa không có quạt .,,,Tiêu cực 😠,
thời gian học không đảm bảo .,,Tiêu cực 😠,,
"có nhiều hoạt động theo nhóm , tăng tính đoàn kết .",,,,
"thêm các phần ứng dụng của danh sách liên kết stack , queue và bảng băm .",,Tiêu cực 😠,,
"vui vẻ , nhiệt tình , tạo cơ hội cho sinh viên được gắn kết cũng như trau dồi kỹ năng nói tiếng anh nhiều hơn .",Tích cực 😄,,,
"em học không tốt , em nghỉ nhiều buổi thực hành , còn lý thuyết thì em khá vững .",,Tiêu cực 😠,,
dạy vui vẻ .,Tích cực 😄,,,
thầy nhiệt tình giảng dễ hiểu không nhàm chán .,Tích cực 😄,,,
thầy dạy ngắn gọn dễ hiểu .,Tích cực 😄,,,
thầy đi bài giảng hơi nhanh .,Tiêu cực 😠,,,
không tận tâm .,Tiêu cực 😠,,,
tạm ổn .,,,,
"thầy vui tính , nhiệt tình , trả lời mọi thắc mắc của sinh viên .",Tích cực 😄,,,
cách dạy của thầy em rất thích .,Tích cực 😄,,,
chưa kiểm soát được thời gian .,Tiêu cực 😠,,,
dạy chú trọng đến người học .,Tích cực 😄,,,
nên cung cấp tài liệu giải trắc nghiệm anh văn .,,Tiêu cực 😠,,
nếu làm chung với nhóm khác thì sẽ dẫn tới khác đề nên không hợp tác được .,Tiêu cực 😠,,,
đôi khi kẹt xe thầy lại trễ giờ .,Tiêu cực 😠,,,
"sự tận tâm , nhiệt tình trong giảng dạy của giảng viên .",Tích cực 😄,,,
"giáo viên giảng bài hay , thu hút .",Tích cực 😄,,,
giảng viên truyền đạt hiệu quả .,Tích cực 😄,,,
rất thực tế và cụ thể .,,,,
em rất hài lòng về phương pháp dạy này .,Tích cực 😄,,,
"thầy cần giảng giải cách làm đối với từng dạng bài nhiều hơn , rồi sau đó hãy cho nhiều bài tập .",Tiêu cực 😠,,,
"em nghĩ thầy nên nhiều bài tập hơn và gửi bài giảng qua courses , lập nhóm làm bài để chấm điểm như các lớp khác .",Tiêu cực 😠,,,
quạt trong phòng học chưa đáp ứng tốt .,,,Tiêu cực 😠,
thầy dạy hay và nhiệt tình .,Tích cực 😄,,,
"thầy dạy rất kỹ , rất chi tiết .",Tích cực 😄,,,
"cô dạy nhiệt tình , dễ hiểu , đảm bảo cho sinh viên hiểu rõ lý thuyết .",Tích cực 😄,,,
không triển khai slide bài giảng trên moodle .,,Tiêu cực 😠,,
"giảng viên giảng dạy nhiệt tình , tạo ra hoạt động vui nhộn .",Tích cực 😄,,,
phản hồi nhanh các thắc mắc của sinh viên .,Tích cực 😄,,,
có lẽ cô nên ra nhiều bài tập về nhà hơn cho các bạn trong lớp .,Tiêu cực 😠,,,
"em thấy có một số buổi học kéo dài , có buổi kéo dài tới gần 12h .",,Tiêu cực 😠,,
"thầy nói lan man khá nhiều , khiến sinh viên không biết đâu là phần nội dung chính .",Tiêu cực 😠,,,
"dạy tận tâm , nhiệt tình .",Tích cực 😄,,,
cho bài khó .,Tiêu cực 😠,,,
"cô dạy rất hay , chậm và kỹ càng , giúp chúng em hiểu sâu hơn về bài giảng .",Tích cực 😄,,,
buổi dạy của thầy hay bị gián đoạn .,Tiêu cực 😠,,,
bên cạnh việc giảng dạy thầy còn rất kể nhiều câu chuyện những chiêm nghiệm trong cuộc sống cho sinh viên nghe .,Tích cực 😄,,,
mong nhà trường sẽ có nhiều biện pháp để tăng cường thêm các trang thiết bị và cơ sở vật chất để phục vụ tốt hơn cho việc học tiếng anh của sinh viên .,,,Tiêu cực 😠,
giáo viên giảng dễ hiểu .,Tích cực 😄,,,
"giảng viên rất nhiệt tình , các kiến thức đều được đưa ra hợp lý dễ hiểu và nắm bắt .",Tích cực 😄,,,
bản thân sinh viên chưa từng gặp giảng viên này một lần nào trong khóa học .,Tiêu cực 😠,,,
"thầy sử dụng tốt hệ thống moodle để trao đổi với sinh viên và những giảng giải mang tính dễ hiểu , gần gũi với sinh viên .",Tích cực 😄,,,
phương pháp dạy giúp sinh viên tiếp thu dễ hơn .,Tích cực 😄,,,
cần tăng cường thêm nhiều bài tập vào nhiều tiết thực hành .,,Tiêu cực 😠,,
cô dạy rất tận tình dễ hiểu .,Tích cực 😄,,,
nhiều lúc thầy nói hơi nhanh .,Tiêu cực 😠,,,
"giáo viên dạy kỹ càng , dễ hiểu .",Tích cực 😄,,,
trang bị phòng thí nghiệm để hiểu rõ hơn về thực tế .,,,Tiêu cực 😠,
"dạy hay , vui vẻ và gần gũi với sinh viên .",Tích cực 😄,,,
"có nhiều vấn đề còn khó hiểu , khó tiếp cận .",,,,
giảng viên chưa thực sự chuẩn bị bài giảng chu đáo trong một số buổi học .,Tiêu cực 😠,,,
giờ học chưa đảm bảo .,,,,
phòng có máy điều hòa .,,,Tiêu cực 😠,
cô không cho đề trước khi thi .,Tiêu cực 😠,,,
"cô dạy rất nhiệt tình , luôn trao đổi trên lớp và trên website môn học .",Tích cực 😄,,,
phương pháp giảng dạy không nên phụ thuộc hoàn toàn vào việc thuyết trình của sinh viên .,Tiêu cực 😠,,,
"giảng viên tận tình , dạy minh họa dễ hiểu .",Tích cực 😄,,,
"giáo viên giảng dạy hay , dễ hiểu .",Tích cực 😄,,,
"ra bài tập thì thầy nên sửa , để chúng em đối chiếu kết quả .",Tiêu cực 😠,,,
cách giảng của thầy chưa thực sự hay và có nhiều sự chuẩn bị cho bài giảng bằng những tình huống thực tế .,Tiêu cực 😠,,,
"thầy dạy rất có tâm , chấm điểm rất chính xác .",Tích cực 😄,,,
"đưa slide , bài tập lên moodle để sinh viên tham khảo .",Tiêu cực 😠,,,
"giảng rất nhiệt tình , cố gắng quan sát sinh viên .",Tích cực 😄,,,
"nên cho bài tập theo hình thức file , thay vì chép bảng ( chỉ nên chép bảng bài học thôi ) .",,Tiêu cực 😠,,
giọng thầy hơi khó nghe .,Tiêu cực 😠,,,
"chương trình dạy quá cũ , chưa hợp lý .",Tiêu cực 😠,Tiêu cực 😠,,
em quen ngồi máy tính tìm hiểu hơn là học môn này buồn ngủ .,,,,
"điều này thật là "" ảo "" vì không sinh viên nào làm điều đó .",,,,
cô là giáo viên tận tâm nhất trong những người tận tâm nhất .,Tích cực 😄,,,
tăng cường kỹ năng nói nhiều hơn nữa .,,Tiêu cực 😠,,
"trang bị máy chiếu mới , loa và micro của phòng học , máy tính mới cho phòng lab .",,,Tiêu cực 😠,
giảng bài đôi khi hơi khó hiểu .,Tiêu cực 😠,,,
cô tận tình giải đáp thắc mắc .,Tích cực 😄,,,
"giảng dạy tận tình , bài tập hay .",Tích cực 😄,,,
các máy tính trong phòng lab nên cài đặt thêm phần mềm android studio để phục vụ việc thực hành môn này .,,,Tiêu cực 😠,
"nhiệt tình giải đáp những thắc mắc trên lớp , và qua trang web sinh viên .",Tích cực 😄,,,
cho làm nhiều bài kiểm tra hơn .,Tiêu cực 😠,,,
thầy tương đối khó trong việc nộp bài lab .,Tiêu cực 😠,,,
tài liệu đầy đủ .,,Tích cực 😄,,
chỉ dẫn tận tình cho sinh viên .,Tích cực 😄,,,
tích cực giúp đỡ sinh viên .,Tích cực 😄,,,
"giảng viên nhiệt tình , vui tính , có tâm .",Tích cực 😄,,,
cô phát âm kém và sai .,Tiêu cực 😠,,,
"giảng viên nghỉ dạy khá nhiều , không đảm bảo giờ lên lớp .",Tiêu cực 😠,,,
cung cấp nhiều kiến thức hữu ích liên quan đến ngành .,Tích cực 😄,,,
chu đáo .,,,,
trân trọng .,,,,
cô rất dễ .,Tích cực 😄,,,
"giáo trình cấu trúc dữ liệu và giải thuật còn khá nhiều sai sót , mong nhà trường chỉnh sửa và bổ sung lại .",,,,
thầy chưa giải đáp thật chi tiết thắc mắc của sinh viên .,Tiêu cực 😠,,,
"không nên mê gái , nên quan tâm đồng đều tất cả các học sinh .",Tiêu cực 😠,,,
thầy giảng hay có trọng tâm dễ hiểu .,Tích cực 😄,,,
trong nửa đầu của học kỳ không có giáo viên hướng dẫn thực hành .,,Tiêu cực 😠,,
thầy dạy hay dễ hiểu cho làm nhiều bài tập thực hành oop nhờ thầy em học tốt hơn .,Tích cực 😄,,,
giáo viên nhiệt tình và vui tính .,Tích cực 😄,,,
"phòng học quá nóng phòng wzjwz96 , lớp em có nhiều sinh viên nhưng chỉ có 2 cái quạt , học anh văn vào buổi chiều bị nắng chiếu mà còn nóng thì em tiếp thu bài rất kém ạ !",,,Tiêu cực 😠,
"nhiệt tình , phương pháp giảng dạy hiệu quả .",Tích cực 😄,,,
môn thực hành nên cho những giảng viên có kinh nghiệm giảng dạy để giúp sinh viên có nền tảng về lập trình vì học ngành này thực hành là rất quan trọng .,,Tiêu cực 😠,,
"phòng thực hành không đảm bảo phục vụ cho môn học , các phần mềm , chương trình không còn phù hợp nữa .",,,Tiêu cực 😠,
có hướng dẫn đầy đủ dễ hiểu .,Tích cực 😄,,,
hướng dẫn lab mơ hồ .,Tiêu cực 😠,,,
"thầy cho chúng em những bài tập mang tính thực hành , thực tiễn cao và em thực sự rất hài lòng .",Tích cực 😄,,,
thầy không dạy nhiều chủ yếu cho sinh viên tự tìm hiểu .,Tiêu cực 😠,,,
em muốn đổi tên môn học vì tên môn là lập trình c fraction cplusplus nhưng lại học thiên về csharp .,,Tiêu cực 😠,,
thầy vừa dạy vừa chat hoặc gọi điện thoại thường xuyên .,Tiêu cực 😠,,,
